school_id,date
0,2024-01-09
0,2024-01-15
0,2024-01-24
0,2024-01-31
0,2024-02-08
0,2024-02-23
0,2024-03-07
0,2024-03-10
0,2024-03-16
0,2024-04-20
0,2024-05-09
0,2024-06-19
0,2024-07-29
0,2024-08-05
0,2024-09-03
0,2024-09-22
0,2024-10-05
0,2024-10-19
0,2024-10-21
0,2024-11-05
0,2024-11-06
0,2024-11-23
0,2024-11-30
0,2024-12-05
0,2024-12-18
0,2024-12-24
0,2024-12-27
0,2024-12-30
1,2024-01-17
1,2024-02-13
1,2024-03-11
1,2024-04-18
1,2024-04-20
1,2024-05-07
1,2024-06-03
1,2024-06-17
1,2024-06-18
1,2024-06-26
1,2024-07-11
1,2024-07-12
1,2024-07-18
1,2024-07-28
1,2024-07-29
1,2024-08-20
1,2024-09-06
1,2024-10-01
1,2024-10-14
1,2024-10-16
1,2024-10-24
1,2024-11-03
1,2024-11-24
1,2024-12-02
1,2024-12-03
1,2024-12-05
2,2024-01-03
2,2024-01-22
2,2024-01-23
2,2024-02-18
2,2024-04-16
2,2024-04-24
2,2024-05-04
2,2024-07-03
2,2024-07-28
2,2024-08-30
2,2024-11-01
2,2024-11-07
2,2024-11-13
3,2024-01-15
3,2024-01-16
3,2024-01-29
3,2024-02-10
3,2024-02-11
3,2024-03-18
3,2024-04-24
3,2024-06-05
3,2024-06-06
3,2024-07-12
3,2024-08-07
3,2024-08-10
3,2024-08-22
3,2024-11-24
3,2024-12-09
3,2024-12-27
3,2024-12-30
4,2024-02-05
4,2024-02-14
4,2024-02-17
4,2024-03-20
4,2024-03-26
4,2024-04-18
4,2024-04-24
4,2024-05-18
4,2024-06-02
4,2024-06-05
4,2024-06-06
4,2024-06-15
4,2024-06-19
4,2024-07-05
4,2024-07-09
4,2024-07-13
4,2024-07-23
4,2024-08-05
4,2024-08-06
4,2024-08-15
4,2024-08-25
4,2024-08-27
4,2024-10-10
4,2024-12-22
5,2024-03-12
5,2024-03-19
5,2024-04-06
5,2024-04-14
5,2024-04-25
5,2024-05-31
5,2024-07-17
5,2024-07-23
5,2024-07-30
5,2024-08-04
5,2024-08-06
5,2024-08-12
5,2024-08-17
5,2024-09-05
5,2024-10-18
5,2024-10-21
5,2024-10-23
5,2024-11-09
5,2024-11-18
5,2024-11-18
5,2024-11-18
5,2024-11-23
5,2024-12-06
5,2024-12-08
5,2024-12-15
5,2024-12-20
5,2024-12-25
6,2024-02-09
6,2024-02-29
6,2024-03-08
6,2024-03-12
6,2024-05-08
6,2024-06-03
6,2024-06-10
6,2024-07-12
6,2024-08-08
6,2024-08-09
6,2024-08-31
6,2024-09-09
6,2024-11-10
6,2024-12-05
6,2024-12-26
7,2024-01-10
7,2024-02-09
7,2024-02-09
7,2024-04-28
7,2024-05-27
7,2024-05-29
7,2024-06-05
7,2024-06-07
7,2024-07-12
7,2024-07-18
7,2024-07-31
7,2024-08-03
7,2024-08-24
7,2024-09-27
7,2024-09-28
7,2024-09-28
7,2024-10-09
7,2024-10-13
7,2024-11-10
7,2024-11-22
7,2024-11-22
7,2024-12-08
7,2024-12-10
8,2024-01-12
8,2024-04-28
8,2024-04-29
8,2024-06-09
8,2024-06-13
8,2024-06-15
8,2024-06-29
8,2024-07-09
8,2024-07-27
8,2024-08-02
8,2024-08-27
8,2024-09-08
8,2024-09-25
8,2024-09-28
8,2024-10-13
8,2024-10-27
8,2024-10-29
8,2024-12-03
8,2024-12-09
8,2024-12-11
8,2024-12-16
9,2024-01-12
9,2024-01-16
9,2024-01-17
9,2024-01-18
9,2024-01-30
9,2024-02-25
9,2024-02-27
9,2024-03-03
9,2024-03-15
9,2024-03-27
9,2024-03-31
9,2024-04-05
9,2024-04-14
9,2024-05-21
9,2024-05-28
9,2024-06-03
9,2024-06-20
9,2024-07-05
9,2024-07-12
9,2024-07-23
9,2024-08-01
9,2024-08-18
9,2024-09-02
9,2024-09-05
9,2024-09-20
9,2024-10-19
9,2024-12-16
9,2024-12-26
9,2024-12-29
10,2024-01-18
10,2024-01-22
10,2024-02-12
10,2024-02-19
10,2024-02-28
10,2024-03-04
10,2024-03-11
10,2024-03-12
10,2024-03-13
10,2024-03-26
10,2024-03-30
10,2024-04-04
10,2024-04-08
10,2024-04-13
10,2024-04-15
10,2024-05-16
10,2024-05-19
10,2024-05-27
10,2024-05-27
10,2024-06-05
10,2024-06-06
10,2024-06-13
10,2024-06-15
10,2024-06-16
10,2024-06-22
10,2024-07-06
10,2024-07-09
10,2024-07-23
10,2024-07-25
10,2024-08-04
10,2024-08-21
10,2024-08-23
10,2024-08-25
10,2024-10-06
10,2024-10-20
10,2024-10-25
10,2024-10-26
10,2024-10-31
10,2024-11-15
10,2024-12-10
10,2024-12-12
10,2024-12-18
10,2024-12-22
10,2024-12-30
11,2024-01-24
11,2024-02-29
11,2024-03-14
11,2024-03-25
11,2024-03-27
11,2024-05-16
11,2024-07-18
11,2024-08-02
11,2024-08-06
11,2024-08-18
11,2024-08-24
11,2024-08-26
11,2024-09-14
11,2024-09-30
11,2024-10-19
11,2024-11-28
11,2024-12-10
11,2024-12-17
11,2024-12-26
12,2024-03-19
12,2024-04-08
12,2024-05-03
12,2024-06-16
12,2024-10-28
12,2024-12-04
12,2024-12-18
13,2024-03-03
13,2024-03-27
13,2024-04-20
13,2024-04-25
13,2024-05-01
13,2024-06-10
13,2024-07-20
13,2024-07-27
13,2024-08-06
13,2024-08-09
13,2024-10-31
13,2024-11-16
13,2024-11-27
13,2024-12-15
14,2024-01-06
14,2024-03-02
14,2024-03-17
14,2024-03-24
14,2024-04-05
14,2024-07-19
14,2024-08-17
14,2024-09-15
14,2024-09-21
14,2024-10-09
14,2024-10-12
14,2024-10-16
14,2024-10-17
14,2024-10-28
14,2024-11-25
14,2024-11-30
14,2024-12-13
15,2024-02-26
15,2024-03-10
15,2024-03-22
15,2024-05-05
15,2024-05-16
15,2024-05-22
15,2024-05-25
15,2024-05-25
15,2024-06-13
15,2024-06-18
15,2024-06-21
15,2024-06-28
15,2024-06-29
15,2024-07-13
15,2024-07-28
15,2024-08-26
15,2024-08-31
15,2024-09-01
15,2024-09-07
15,2024-09-27
15,2024-10-10
15,2024-10-13
15,2024-10-13
15,2024-10-14
15,2024-10-22
15,2024-11-04
15,2024-11-17
15,2024-11-17
15,2024-11-28
15,2024-11-29
15,2024-11-30
15,2024-12-12
16,2024-01-02
16,2024-01-06
16,2024-02-28
16,2024-03-02
16,2024-03-25
16,2024-04-26
16,2024-07-31
16,2024-08-07
16,2024-08-14
16,2024-08-24
16,2024-10-29
16,2024-11-08
16,2024-12-03
16,2024-12-29
17,2024-03-14
17,2024-03-14
17,2024-03-27
17,2024-05-08
17,2024-05-08
17,2024-05-20
17,2024-05-21
17,2024-05-29
17,2024-06-10
17,2024-06-22
17,2024-06-30
17,2024-07-02
17,2024-07-12
17,2024-07-13
17,2024-07-19
17,2024-07-28
17,2024-10-14
17,2024-11-04
17,2024-11-09
17,2024-11-18
17,2024-11-20
17,2024-12-06
17,2024-12-20
17,2024-12-22
18,2024-02-26
18,2024-03-02
18,2024-03-22
18,2024-04-09
18,2024-04-18
18,2024-05-04
18,2024-05-21
18,2024-06-05
18,2024-06-09
18,2024-06-17
18,2024-07-13
18,2024-07-26
18,2024-08-11
18,2024-09-01
18,2024-09-09
18,2024-09-23
18,2024-09-24
18,2024-10-14
18,2024-10-16
18,2024-12-09
19,2024-01-07
19,2024-01-23
19,2024-02-05
19,2024-03-05
19,2024-03-08
19,2024-04-06
19,2024-06-07
19,2024-06-24
19,2024-09-29
19,2024-10-08
19,2024-10-26
19,2024-12-06
19,2024-12-13
19,2024-12-21
19,2024-12-29
20,2024-03-20
20,2024-03-23
20,2024-03-23
20,2024-03-26
20,2024-03-27
20,2024-03-30
20,2024-04-22
20,2024-05-21
20,2024-06-20
20,2024-07-04
20,2024-08-14
20,2024-08-22
20,2024-08-23
20,2024-08-28
20,2024-08-29
20,2024-09-08
20,2024-09-18
20,2024-09-18
20,2024-09-28
20,2024-10-16
20,2024-10-22
20,2024-10-27
21,2024-01-11
21,2024-02-08
21,2024-03-01
21,2024-03-08
21,2024-05-15
21,2024-06-02
21,2024-08-17
21,2024-09-02
21,2024-09-06
21,2024-10-15
21,2024-11-26
22,2024-02-02
22,2024-02-11
22,2024-02-16
22,2024-03-18
22,2024-04-20
22,2024-05-06
22,2024-06-28
22,2024-07-08
22,2024-07-31
22,2024-08-05
22,2024-08-17
22,2024-08-22
22,2024-08-29
22,2024-09-10
22,2024-09-24
22,2024-09-28
22,2024-10-09
22,2024-11-08
22,2024-12-16
23,2024-02-28
23,2024-03-08
23,2024-03-11
23,2024-03-13
23,2024-04-29
23,2024-05-10
23,2024-06-26
23,2024-07-01
23,2024-08-01
23,2024-08-02
23,2024-10-07
23,2024-11-04
23,2024-12-04
23,2024-12-30
24,2024-01-29
24,2024-01-31
24,2024-02-13
24,2024-02-24
24,2024-03-03
24,2024-03-04
24,2024-03-04
24,2024-03-04
24,2024-03-06
24,2024-03-22
24,2024-05-07
24,2024-05-09
24,2024-05-11
24,2024-06-02
24,2024-06-03
24,2024-06-25
24,2024-06-25
24,2024-07-04
24,2024-07-10
24,2024-07-13
24,2024-07-23
24,2024-07-28
24,2024-08-13
24,2024-08-15
24,2024-09-04
24,2024-09-15
24,2024-09-18
24,2024-09-29
24,2024-10-14
24,2024-11-01
24,2024-11-22
24,2024-11-29
25,2024-01-06
25,2024-01-22
25,2024-01-31
25,2024-02-03
25,2024-02-04
25,2024-02-08
25,2024-03-01
25,2024-03-24
25,2024-03-27
25,2024-05-08
25,2024-05-24
25,2024-06-01
25,2024-06-19
25,2024-06-25
25,2024-07-01
25,2024-07-14
25,2024-08-02
25,2024-09-06
25,2024-09-19
25,2024-09-25
25,2024-09-28
25,2024-10-01
25,2024-10-08
25,2024-11-02
25,2024-11-07
25,2024-11-27
25,2024-12-14
25,2024-12-16
25,2024-12-18
25,2024-12-20
25,2024-12-23
26,2024-01-18
26,2024-02-06
26,2024-03-11
26,2024-04-10
26,2024-05-31
26,2024-06-21
26,2024-06-30
26,2024-07-14
26,2024-07-27
26,2024-08-09
26,2024-08-18
26,2024-08-23
26,2024-09-24
26,2024-09-27
26,2024-10-13
26,2024-11-07
26,2024-11-11
26,2024-11-17
26,2024-11-20
26,2024-11-23
26,2024-12-05
26,2024-12-07
26,2024-12-16
26,2024-12-22
26,2024-12-26
27,2024-02-12
27,2024-02-13
27,2024-02-29
27,2024-03-26
27,2024-05-25
27,2024-05-30
27,2024-07-04
27,2024-09-08
27,2024-09-30
27,2024-10-09
27,2024-10-11
27,2024-10-22
27,2024-11-20
27,2024-11-21
27,2024-11-23
27,2024-11-25
27,2024-12-28
28,2024-01-04
28,2024-01-18
28,2024-02-04
28,2024-02-22
28,2024-03-07
28,2024-03-30
28,2024-05-23
28,2024-09-02
28,2024-09-08
28,2024-09-21
28,2024-09-25
28,2024-11-11
28,2024-11-18
28,2024-11-21
28,2024-12-15
28,2024-12-27
29,2024-01-25
29,2024-02-07
29,2024-02-20
29,2024-03-03
29,2024-03-06
29,2024-05-15
29,2024-05-24
29,2024-08-30
29,2024-09-08
29,2024-09-20
29,2024-09-23
29,2024-10-12
29,2024-10-18
29,2024-11-03
29,2024-11-07
29,2024-11-25
30,2024-03-03
30,2024-03-06
30,2024-03-10
30,2024-03-15
30,2024-03-27
30,2024-04-02
30,2024-04-11
30,2024-04-15
30,2024-04-19
30,2024-04-21
30,2024-04-22
30,2024-04-28
30,2024-04-29
30,2024-05-07
30,2024-05-10
30,2024-05-19
30,2024-05-31
30,2024-06-05
30,2024-06-05
30,2024-06-10
30,2024-06-15
30,2024-07-10
30,2024-08-03
30,2024-08-08
30,2024-09-05
30,2024-09-20
30,2024-09-21
30,2024-09-22
30,2024-09-23
30,2024-09-25
30,2024-10-03
30,2024-10-05
30,2024-10-06
30,2024-10-18
30,2024-10-24
30,2024-10-24
30,2024-11-25
30,2024-11-25
30,2024-12-04
30,2024-12-08
30,2024-12-16
30,2024-12-18
31,2024-01-18
31,2024-02-01
31,2024-02-22
31,2024-02-26
31,2024-03-18
31,2024-05-17
31,2024-06-02
31,2024-09-01
31,2024-09-04
31,2024-09-10
31,2024-10-23
31,2024-10-31
31,2024-11-06
31,2024-11-07
31,2024-11-16
31,2024-11-20
31,2024-12-20
31,2024-12-22
32,2024-01-20
32,2024-02-17
32,2024-03-28
32,2024-04-06
32,2024-06-19
32,2024-06-26
32,2024-07-28
32,2024-08-02
32,2024-09-26
32,2024-11-14
32,2024-11-27
32,2024-11-30
32,2024-12-03
32,2024-12-15
32,2024-12-28
33,2024-02-16
33,2024-02-18
33,2024-07-01
33,2024-08-03
33,2024-10-18
33,2024-11-22
33,2024-12-30
34,2024-01-29
34,2024-02-04
34,2024-04-01
34,2024-05-04
34,2024-05-29
34,2024-06-27
34,2024-07-03
34,2024-07-05
34,2024-09-10
34,2024-09-19
34,2024-09-22
34,2024-11-04
34,2024-11-10
34,2024-12-08
35,2024-01-09
35,2024-02-17
35,2024-03-18
35,2024-04-22
35,2024-04-26
35,2024-05-01
35,2024-05-08
35,2024-05-16
35,2024-06-29
35,2024-06-29
35,2024-07-02
35,2024-07-04
35,2024-07-14
35,2024-07-17
35,2024-07-20
35,2024-08-02
35,2024-09-04
35,2024-09-04
35,2024-09-30
35,2024-10-05
35,2024-10-06
35,2024-10-15
35,2024-10-17
35,2024-10-31
35,2024-12-01
35,2024-12-10
35,2024-12-19
35,2024-12-21
35,2024-12-21
36,2024-01-25
36,2024-02-08
36,2024-03-06
36,2024-03-10
36,2024-03-22
36,2024-04-05
36,2024-04-26
36,2024-06-12
36,2024-07-01
36,2024-07-18
36,2024-07-18
36,2024-07-25
36,2024-08-06
36,2024-08-07
36,2024-08-27
36,2024-08-28
36,2024-09-04
36,2024-09-10
36,2024-09-24
36,2024-09-24
36,2024-11-11
36,2024-11-17
36,2024-12-05
36,2024-12-15
36,2024-12-21
36,2024-12-23
36,2024-12-24
36,2024-12-27
37,2024-01-02
37,2024-03-02
37,2024-03-21
37,2024-04-16
37,2024-05-05
37,2024-05-14
37,2024-06-02
37,2024-06-14
37,2024-07-22
37,2024-07-26
37,2024-08-01
37,2024-08-04
37,2024-08-05
37,2024-08-05
37,2024-08-08
37,2024-08-20
37,2024-08-22
37,2024-08-23
37,2024-09-01
37,2024-09-22
37,2024-10-04
37,2024-10-15
37,2024-10-21
37,2024-10-27
37,2024-10-28
37,2024-11-13
37,2024-12-03
37,2024-12-13
37,2024-12-14
37,2024-12-21
37,2024-12-21
37,2024-12-28
38,2024-02-23
38,2024-03-05
38,2024-03-19
38,2024-04-22
38,2024-04-23
38,2024-04-27
38,2024-06-10
38,2024-06-28
38,2024-06-28
38,2024-07-27
38,2024-08-16
38,2024-08-19
38,2024-10-11
39,2024-01-15
39,2024-01-15
39,2024-02-15
39,2024-03-07
39,2024-05-06
39,2024-05-21
39,2024-05-28
39,2024-06-15
39,2024-07-01
39,2024-07-05
39,2024-09-03
39,2024-09-04
39,2024-09-06
39,2024-09-08
39,2024-09-20
39,2024-09-21
39,2024-09-26
39,2024-09-28
39,2024-09-30
39,2024-10-05
39,2024-10-10
39,2024-11-16
39,2024-11-20
39,2024-12-10
39,2024-12-13
39,2024-12-25
40,2024-01-23
40,2024-03-02
40,2024-04-09
40,2024-04-23
40,2024-05-06
40,2024-05-14
40,2024-06-07
40,2024-06-29
40,2024-07-04
40,2024-07-10
40,2024-07-11
40,2024-08-06
40,2024-08-07
40,2024-08-16
40,2024-08-18
40,2024-08-29
40,2024-09-05
40,2024-09-09
40,2024-09-29
40,2024-10-06
40,2024-10-16
40,2024-11-01
40,2024-11-08
40,2024-11-13
40,2024-11-15
40,2024-11-18
40,2024-11-29
40,2024-12-07
40,2024-12-10
40,2024-12-10
40,2024-12-14
40,2024-12-15
41,2024-01-26
41,2024-02-25
41,2024-03-24
41,2024-05-22
41,2024-06-19
41,2024-07-03
41,2024-07-11
41,2024-08-01
41,2024-08-02
41,2024-08-25
41,2024-08-31
41,2024-09-05
41,2024-10-14
41,2024-11-11
41,2024-11-24
41,2024-12-18
42,2024-01-31
42,2024-02-03
42,2024-02-17
42,2024-03-15
42,2024-04-08
42,2024-04-14
42,2024-06-22
42,2024-07-08
42,2024-07-15
42,2024-07-21
42,2024-09-05
42,2024-09-21
42,2024-10-19
42,2024-10-21
42,2024-10-28
42,2024-11-13
42,2024-11-29
42,2024-12-04
42,2024-12-07
42,2024-12-15
42,2024-12-24
43,2024-02-19
43,2024-02-29
43,2024-03-02
43,2024-03-03
43,2024-04-16
43,2024-06-23
43,2024-06-29
43,2024-07-25
43,2024-08-27
43,2024-09-10
43,2024-09-12
43,2024-09-16
43,2024-09-23
43,2024-10-04
43,2024-10-05
43,2024-10-13
43,2024-11-30
43,2024-12-02
43,2024-12-04
43,2024-12-14
43,2024-12-16
43,2024-12-19
44,2024-02-16
44,2024-02-25
44,2024-02-29
44,2024-03-02
44,2024-03-21
44,2024-04-04
44,2024-04-07
44,2024-04-08
44,2024-04-17
44,2024-05-05
44,2024-06-15
44,2024-06-21
44,2024-06-21
44,2024-07-20
44,2024-09-25
44,2024-10-14
44,2024-10-31
44,2024-11-08
44,2024-12-05
44,2024-12-09
44,2024-12-18
44,2024-12-19
45,2024-02-11
45,2024-04-19
45,2024-04-25
45,2024-06-26
45,2024-08-19
45,2024-08-21
45,2024-09-05
45,2024-12-14
45,2024-12-28
46,2024-02-08
46,2024-02-12
46,2024-05-17
46,2024-05-22
46,2024-06-24
46,2024-06-29
46,2024-07-07
46,2024-07-21
46,2024-08-07
46,2024-08-15
46,2024-10-23
46,2024-11-11
46,2024-11-26
46,2024-12-06
46,2024-12-09
46,2024-12-30
47,2024-02-06
47,2024-02-08
47,2024-03-28
47,2024-05-30
47,2024-07-24
47,2024-08-03
47,2024-08-19
47,2024-08-24
47,2024-10-12
47,2024-10-29
47,2024-11-24
47,2024-12-12
47,2024-12-12
47,2024-12-15
47,2024-12-25
47,2024-12-27
48,2024-01-04
48,2024-02-21
48,2024-02-22
48,2024-03-17
48,2024-03-20
48,2024-03-30
48,2024-04-03
48,2024-04-04
48,2024-04-15
48,2024-04-23
48,2024-05-12
48,2024-05-28
48,2024-06-06
48,2024-06-26
48,2024-07-01
48,2024-07-23
48,2024-07-26
48,2024-08-01
48,2024-08-08
48,2024-08-15
48,2024-08-21
48,2024-09-05
48,2024-09-11
48,2024-09-25
48,2024-09-25
48,2024-11-08
48,2024-12-05
48,2024-12-14
49,2024-01-17
49,2024-01-19
49,2024-02-25
49,2024-03-13
49,2024-03-19
49,2024-04-15
49,2024-04-27
49,2024-05-08
49,2024-06-06
49,2024-07-14
49,2024-07-21
49,2024-07-24
49,2024-07-26
49,2024-08-13
49,2024-08-15
49,2024-09-20
49,2024-09-29
49,2024-10-04
49,2024-10-11
49,2024-11-24
49,2024-11-25
49,2024-12-09
49,2024-12-24
50,2024-01-01
50,2024-02-06
50,2024-02-07
50,2024-02-16
50,2024-02-17
50,2024-03-08
50,2024-05-17
50,2024-05-24
50,2024-08-07
50,2024-08-15
50,2024-09-16
50,2024-10-16
50,2024-11-12
50,2024-12-06
50,2024-12-18
50,2024-12-26
51,2024-02-27
51,2024-04-16
51,2024-04-25
51,2024-05-28
51,2024-07-14
51,2024-07-20
51,2024-08-13
51,2024-09-05
51,2024-10-02
51,2024-10-05
51,2024-10-08
51,2024-11-12
52,2024-02-26
52,2024-05-15
52,2024-05-29
52,2024-06-12
52,2024-07-07
52,2024-07-20
52,2024-08-12
52,2024-08-14
52,2024-08-16
52,2024-08-20
52,2024-08-30
52,2024-08-31
52,2024-09-09
52,2024-09-15
52,2024-10-13
52,2024-11-08
52,2024-11-17
52,2024-11-18
52,2024-12-08
52,2024-12-16
52,2024-12-17
53,2024-01-09
53,2024-09-22
53,2024-10-11
53,2024-11-20
53,2024-11-28
53,2024-12-05
53,2024-12-07
53,2024-12-15
53,2024-12-17
54,2024-02-13
54,2024-02-25
54,2024-03-04
54,2024-05-17
54,2024-05-19
54,2024-06-07
54,2024-11-07
54,2024-11-16
54,2024-11-21
54,2024-12-05
54,2024-12-19
55,2024-03-13
55,2024-03-15
55,2024-04-10
55,2024-04-17
55,2024-05-10
55,2024-07-08
55,2024-09-04
55,2024-09-15
55,2024-09-16
55,2024-11-03
55,2024-11-13
55,2024-11-20
55,2024-11-23
55,2024-12-03
55,2024-12-10
55,2024-12-13
55,2024-12-20
56,2024-03-07
56,2024-03-24
56,2024-03-28
56,2024-04-08
56,2024-04-08
56,2024-05-02
56,2024-05-17
56,2024-06-07
56,2024-08-14
56,2024-09-07
56,2024-09-23
56,2024-10-02
56,2024-10-23
56,2024-10-28
56,2024-11-02
56,2024-11-04
56,2024-11-24
56,2024-11-28
56,2024-12-07
56,2024-12-20
57,2024-01-01
57,2024-01-08
57,2024-03-27
57,2024-03-29
57,2024-04-04
57,2024-04-06
57,2024-04-08
57,2024-05-09
57,2024-05-27
57,2024-06-18
57,2024-07-02
57,2024-07-20
57,2024-08-06
57,2024-08-23
57,2024-09-13
57,2024-10-14
57,2024-12-18
57,2024-12-19
57,2024-12-29
58,2024-02-01
58,2024-03-13
58,2024-03-20
58,2024-06-23
58,2024-06-24
58,2024-07-01
58,2024-07-07
58,2024-07-22
58,2024-08-06
58,2024-08-11
58,2024-08-17
58,2024-08-31
58,2024-09-17
58,2024-09-17
58,2024-09-20
58,2024-09-30
58,2024-10-07
58,2024-10-07
58,2024-10-09
58,2024-10-12
58,2024-10-22
58,2024-10-28
58,2024-11-04
58,2024-11-11
58,2024-12-04
58,2024-12-12
58,2024-12-13
59,2024-01-17
59,2024-02-16
59,2024-02-28
59,2024-03-17
59,2024-03-20
59,2024-04-23
59,2024-05-03
59,2024-05-04
59,2024-05-11
59,2024-06-08
59,2024-07-03
59,2024-10-10
59,2024-10-24
59,2024-10-30
59,2024-11-21
60,2024-01-04
60,2024-02-16
60,2024-02-28
60,2024-03-04
60,2024-03-09
60,2024-04-03
60,2024-05-14
60,2024-06-03
60,2024-06-24
60,2024-07-10
60,2024-07-31
60,2024-08-20
60,2024-08-25
60,2024-09-03
60,2024-09-05
60,2024-09-20
60,2024-09-25
60,2024-10-05
60,2024-10-21
60,2024-11-02
60,2024-11-08
60,2024-12-08
61,2024-01-25
61,2024-02-23
61,2024-05-19
61,2024-05-22
61,2024-06-15
61,2024-07-10
61,2024-08-15
61,2024-10-15
61,2024-10-23
61,2024-12-17
61,2024-12-23
62,2024-01-31
62,2024-04-20
62,2024-05-26
62,2024-05-27
62,2024-10-08
62,2024-10-11
63,2024-02-06
63,2024-02-08
63,2024-02-11
63,2024-02-16
63,2024-02-21
63,2024-03-18
63,2024-04-01
63,2024-04-18
63,2024-04-30
63,2024-06-07
63,2024-06-07
63,2024-06-13
63,2024-06-18
63,2024-07-12
63,2024-07-15
63,2024-07-18
63,2024-07-24
63,2024-07-25
63,2024-07-27
63,2024-08-09
63,2024-08-26
63,2024-09-02
63,2024-09-03
63,2024-09-22
63,2024-12-04
63,2024-12-05
63,2024-12-13
63,2024-12-15
63,2024-12-17
63,2024-12-29
64,2024-02-03
64,2024-02-06
64,2024-02-27
64,2024-03-02
64,2024-03-13
64,2024-03-16
64,2024-04-19
64,2024-04-29
64,2024-04-30
64,2024-05-11
64,2024-05-23
64,2024-05-25
64,2024-05-25
64,2024-06-14
64,2024-06-20
64,2024-07-05
64,2024-07-06
64,2024-07-08
64,2024-08-08
64,2024-08-11
64,2024-08-28
64,2024-08-31
64,2024-09-12
64,2024-10-20
64,2024-10-23
64,2024-10-27
64,2024-12-19
65,2024-03-14
65,2024-06-04
65,2024-08-30
65,2024-10-04
66,2024-02-06
66,2024-02-16
66,2024-03-14
66,2024-04-23
66,2024-05-30
66,2024-05-31
66,2024-06-10
66,2024-06-17
66,2024-06-21
66,2024-07-05
66,2024-07-18
66,2024-08-01
66,2024-08-11
66,2024-08-12
66,2024-08-22
66,2024-08-25
66,2024-08-30
66,2024-09-06
66,2024-09-18
66,2024-09-18
66,2024-10-14
66,2024-10-15
66,2024-10-25
66,2024-10-28
66,2024-10-29
66,2024-11-18
66,2024-11-19
66,2024-12-03
66,2024-12-12
66,2024-12-19
66,2024-12-20
66,2024-12-26
67,2024-01-10
67,2024-02-05
67,2024-03-08
67,2024-03-10
67,2024-05-11
67,2024-05-14
67,2024-05-26
67,2024-06-04
67,2024-06-15
67,2024-06-26
67,2024-10-14
68,2024-01-15
68,2024-05-07
68,2024-05-14
68,2024-05-26
68,2024-07-17
68,2024-07-21
68,2024-08-13
68,2024-09-01
68,2024-09-15
68,2024-09-19
68,2024-09-26
68,2024-09-27
68,2024-10-01
68,2024-10-17
68,2024-11-02
68,2024-11-03
68,2024-11-05
68,2024-11-08
68,2024-11-16
68,2024-12-11
68,2024-12-14
68,2024-12-21
68,2024-12-28
68,2024-12-29
69,2024-01-15
69,2024-03-31
69,2024-04-05
69,2024-04-14
69,2024-04-18
69,2024-05-17
69,2024-05-18
69,2024-05-18
69,2024-06-18
69,2024-07-10
69,2024-07-14
69,2024-07-16
69,2024-08-03
69,2024-08-26
69,2024-09-04
69,2024-09-12
69,2024-10-11
69,2024-11-02
69,2024-12-10
70,2024-01-14
70,2024-03-17
70,2024-04-12
70,2024-04-13
70,2024-04-30
70,2024-05-02
70,2024-05-23
70,2024-06-04
70,2024-06-17
70,2024-06-29
70,2024-07-31
70,2024-08-02
70,2024-08-22
70,2024-08-29
70,2024-10-23
70,2024-11-11
70,2024-11-12
70,2024-11-12
70,2024-11-12
70,2024-11-13
70,2024-12-09
70,2024-12-27
70,2024-12-27
71,2024-02-28
71,2024-02-28
71,2024-04-02
71,2024-04-07
71,2024-04-09
71,2024-04-29
71,2024-05-15
71,2024-05-20
71,2024-06-10
71,2024-06-10
71,2024-06-23
71,2024-06-30
71,2024-08-07
71,2024-08-23
71,2024-12-28
72,2024-01-23
72,2024-02-12
72,2024-02-18
72,2024-02-26
72,2024-04-08
72,2024-04-23
72,2024-04-24
72,2024-07-14
72,2024-07-14
72,2024-07-27
72,2024-08-04
72,2024-08-16
72,2024-08-20
72,2024-08-24
72,2024-08-27
72,2024-08-30
72,2024-09-02
72,2024-09-24
72,2024-09-24
72,2024-09-30
72,2024-10-02
72,2024-10-09
72,2024-10-20
72,2024-11-09
72,2024-11-21
72,2024-11-30
72,2024-12-04
72,2024-12-15
73,2024-01-13
73,2024-01-19
73,2024-02-25
73,2024-03-02
73,2024-04-20
73,2024-07-04
73,2024-07-21
73,2024-09-05
73,2024-09-07
73,2024-09-16
73,2024-11-19
73,2024-11-25
74,2024-01-29
74,2024-02-18
74,2024-03-15
74,2024-04-29
74,2024-05-03
74,2024-05-20
74,2024-06-07
74,2024-06-12
74,2024-06-15
74,2024-07-03
74,2024-07-10
74,2024-07-18
74,2024-07-26
74,2024-08-03
74,2024-08-09
74,2024-08-11
74,2024-08-16
74,2024-08-24
74,2024-08-25
74,2024-09-19
74,2024-09-24
74,2024-09-26
74,2024-10-06
74,2024-10-12
74,2024-10-19
74,2024-10-24
74,2024-12-04
74,2024-12-13
74,2024-12-21
75,2024-01-05
75,2024-01-31
75,2024-02-03
75,2024-02-05
75,2024-02-14
75,2024-03-22
75,2024-04-23
75,2024-04-28
75,2024-05-03
75,2024-06-30
75,2024-07-08
75,2024-07-19
75,2024-09-21
75,2024-10-02
75,2024-11-17
75,2024-12-20
76,2024-01-08
76,2024-01-17
76,2024-01-25
76,2024-02-19
76,2024-02-25
76,2024-02-27
76,2024-03-19
76,2024-04-10
76,2024-04-22
76,2024-04-25
76,2024-04-26
76,2024-06-01
76,2024-06-10
76,2024-06-13
76,2024-06-14
76,2024-06-28
76,2024-07-03
76,2024-07-10
76,2024-08-06
76,2024-09-01
76,2024-09-06
76,2024-09-12
76,2024-09-22
76,2024-09-24
76,2024-09-25
76,2024-10-12
76,2024-10-19
76,2024-10-30
76,2024-11-03
76,2024-11-17
76,2024-11-18
76,2024-12-01
76,2024-12-18
76,2024-12-22
76,2024-12-23
76,2024-12-28
76,2024-12-30
77,2024-01-01
77,2024-02-07
77,2024-02-27
77,2024-02-29
77,2024-03-08
77,2024-05-05
77,2024-05-11
77,2024-06-10
77,2024-06-16
77,2024-07-05
77,2024-07-22
77,2024-07-22
77,2024-08-26
77,2024-09-24
77,2024-12-18
77,2024-12-19
78,2024-01-06
78,2024-01-20
78,2024-03-10
78,2024-04-13
78,2024-04-21
78,2024-05-02
78,2024-07-01
78,2024-09-08
78,2024-09-18
78,2024-10-09
78,2024-11-05
78,2024-12-01
78,2024-12-28
78,2024-12-28
79,2024-01-02
79,2024-03-15
79,2024-05-02
79,2024-05-08
79,2024-06-11
79,2024-07-16
79,2024-09-17
79,2024-10-05
79,2024-10-27
79,2024-11-23
79,2024-11-25
79,2024-11-26
79,2024-11-26
79,2024-12-04
79,2024-12-20
79,2024-12-27
80,2024-02-29
80,2024-05-18
80,2024-05-22
80,2024-05-29
80,2024-06-23
80,2024-06-30
80,2024-07-07
80,2024-07-08
80,2024-07-14
80,2024-07-14
80,2024-08-06
80,2024-08-15
80,2024-08-19
80,2024-09-04
80,2024-09-06
80,2024-09-23
80,2024-09-27
80,2024-11-06
80,2024-11-06
80,2024-12-27
81,2024-01-16
81,2024-01-25
81,2024-02-19
81,2024-03-03
81,2024-03-12
81,2024-03-21
81,2024-04-04
81,2024-05-22
81,2024-06-05
81,2024-06-14
81,2024-06-18
81,2024-06-21
81,2024-06-26
81,2024-07-21
81,2024-09-06
81,2024-09-09
81,2024-10-05
81,2024-10-15
81,2024-11-10
81,2024-11-23
81,2024-12-06
82,2024-01-22
82,2024-02-14
82,2024-03-01
82,2024-03-15
82,2024-03-15
82,2024-04-13
82,2024-04-14
82,2024-05-02
82,2024-05-05
82,2024-07-01
82,2024-08-10
82,2024-08-11
82,2024-08-19
82,2024-08-24
82,2024-08-24
82,2024-08-26
82,2024-09-08
82,2024-09-13
82,2024-10-06
82,2024-10-12
82,2024-10-14
82,2024-10-31
82,2024-11-19
82,2024-11-21
83,2024-01-29
83,2024-03-03
83,2024-03-05
83,2024-03-10
83,2024-03-16
83,2024-03-18
83,2024-03-22
83,2024-03-24
83,2024-03-27
83,2024-04-02
83,2024-04-05
83,2024-04-08
83,2024-04-11
83,2024-04-14
83,2024-04-17
83,2024-04-28
83,2024-04-29
83,2024-05-06
83,2024-05-13
83,2024-05-18
83,2024-06-03
83,2024-06-18
83,2024-06-22
83,2024-07-07
83,2024-07-17
83,2024-07-19
83,2024-07-25
83,2024-10-16
83,2024-11-25
83,2024-11-27
83,2024-12-05
83,2024-12-06
83,2024-12-27
84,2024-01-07
84,2024-01-13
84,2024-02-06
84,2024-03-03
84,2024-05-16
84,2024-07-30
84,2024-09-04
84,2024-10-18
84,2024-10-19
84,2024-10-27
84,2024-10-29
84,2024-11-14
84,2024-11-15
84,2024-11-17
84,2024-12-01
84,2024-12-12
84,2024-12-12
84,2024-12-29
85,2024-01-22
85,2024-01-26
85,2024-02-23
85,2024-04-04
85,2024-05-14
85,2024-05-29
85,2024-06-17
85,2024-07-13
85,2024-07-22
85,2024-08-11
85,2024-08-16
85,2024-08-29
85,2024-09-07
85,2024-10-22
85,2024-11-06
85,2024-11-18
85,2024-12-10
85,2024-12-22
85,2024-12-25
85,2024-12-27
86,2024-02-08
86,2024-02-14
86,2024-04-27
86,2024-05-16
86,2024-08-16
86,2024-08-17
86,2024-08-18
86,2024-09-30
86,2024-10-14
86,2024-11-10
86,2024-11-18
86,2024-11-21
87,2024-01-16
87,2024-02-01
87,2024-02-02
87,2024-05-06
87,2024-05-06
87,2024-05-29
87,2024-06-08
87,2024-06-24
87,2024-07-09
87,2024-07-10
87,2024-07-15
87,2024-07-16
87,2024-08-13
87,2024-09-22
87,2024-09-23
87,2024-09-24
87,2024-09-30
87,2024-10-07
87,2024-10-17
87,2024-10-24
87,2024-11-29
87,2024-12-08
87,2024-12-11
87,2024-12-17
88,2024-01-21
88,2024-02-20
88,2024-03-09
88,2024-04-09
88,2024-04-11
88,2024-05-02
88,2024-05-14
88,2024-05-14
88,2024-05-25
88,2024-05-31
88,2024-06-03
88,2024-07-19
88,2024-08-10
88,2024-08-14
88,2024-09-01
88,2024-09-26
88,2024-10-11
88,2024-10-14
88,2024-10-24
88,2024-10-30
88,2024-11-01
88,2024-11-19
88,2024-11-22
88,2024-12-22
88,2024-12-23
89,2024-02-14
89,2024-03-15
89,2024-04-04
89,2024-04-10
89,2024-04-14
89,2024-07-31
89,2024-10-07
89,2024-11-08
89,2024-11-09
89,2024-11-19
89,2024-11-27
90,2024-02-17
90,2024-03-01
90,2024-03-23
90,2024-07-18
90,2024-08-13
90,2024-08-18
90,2024-08-26
90,2024-09-02
90,2024-09-05
90,2024-09-08
90,2024-09-28
90,2024-10-29
90,2024-11-17
91,2024-02-11
91,2024-04-07
91,2024-05-19
91,2024-08-19
91,2024-09-20
91,2024-10-30
91,2024-12-18
92,2024-02-01
92,2024-02-12
92,2024-02-17
92,2024-04-07
92,2024-04-11
92,2024-04-20
92,2024-05-13
92,2024-05-28
92,2024-06-05
92,2024-06-13
92,2024-06-18
92,2024-06-22
92,2024-07-13
92,2024-07-21
92,2024-08-29
92,2024-09-08
92,2024-10-16
92,2024-10-17
92,2024-10-23
92,2024-11-06
92,2024-12-12
93,2024-01-05
93,2024-02-04
93,2024-02-20
93,2024-04-03
93,2024-05-07
93,2024-05-21
93,2024-05-27
93,2024-06-17
93,2024-06-23
93,2024-07-03
93,2024-07-10
93,2024-07-14
93,2024-07-27
93,2024-07-29
93,2024-08-01
93,2024-08-17
93,2024-08-20
93,2024-08-20
93,2024-08-23
93,2024-08-24
93,2024-09-10
93,2024-09-11
93,2024-09-20
93,2024-11-15
93,2024-12-06
93,2024-12-10
93,2024-12-11
93,2024-12-15
93,2024-12-28
93,2024-12-28
93,2024-12-29
94,2024-02-18
94,2024-03-09
94,2024-03-09
94,2024-03-27
94,2024-04-01
94,2024-04-02
94,2024-04-21
94,2024-05-15
94,2024-05-24
94,2024-06-02
94,2024-06-20
94,2024-06-30
94,2024-07-07
94,2024-07-11
94,2024-07-12
94,2024-07-14
94,2024-07-23
94,2024-07-26
94,2024-08-06
94,2024-08-08
94,2024-09-15
94,2024-10-04
94,2024-10-05
94,2024-10-10
94,2024-10-18
94,2024-10-27
94,2024-11-15
94,2024-12-13
94,2024-12-15
94,2024-12-16
95,2024-01-13
95,2024-01-15
95,2024-02-12
95,2024-04-18
95,2024-04-21
95,2024-04-25
95,2024-06-02
95,2024-06-13
95,2024-06-16
95,2024-08-04
95,2024-08-13
95,2024-08-14
95,2024-09-06
95,2024-09-16
95,2024-09-23
95,2024-09-25
95,2024-10-05
95,2024-10-06
95,2024-11-16
95,2024-11-26
95,2024-11-28
95,2024-12-09
95,2024-12-18
96,2024-01-23
96,2024-04-14
96,2024-05-13
96,2024-08-10
96,2024-08-22
96,2024-08-28
96,2024-08-29
96,2024-09-11
96,2024-09-13
96,2024-09-27
96,2024-09-27
96,2024-10-20
96,2024-11-10
96,2024-11-23
97,2024-03-20
97,2024-07-03
97,2024-07-09
97,2024-07-15
97,2024-07-16
97,2024-07-17
97,2024-08-08
97,2024-08-13
97,2024-08-13
97,2024-08-19
97,2024-08-20
97,2024-08-21
97,2024-08-30
97,2024-09-26
97,2024-09-28
97,2024-10-06
97,2024-10-21
97,2024-10-26
97,2024-11-06
97,2024-11-08
97,2024-11-21
97,2024-11-24
97,2024-11-29
97,2024-12-01
97,2024-12-06
97,2024-12-21
97,2024-12-27
98,2024-01-23
98,2024-02-27
98,2024-02-28
98,2024-03-02
98,2024-03-17
98,2024-03-18
98,2024-04-07
98,2024-04-13
98,2024-05-09
98,2024-05-20
98,2024-05-22
98,2024-05-28
98,2024-06-06
98,2024-06-29
98,2024-07-01
98,2024-07-16
98,2024-07-17
98,2024-07-19
98,2024-07-29
98,2024-08-14
98,2024-08-19
98,2024-08-29
98,2024-09-03
98,2024-09-11
98,2024-09-25
98,2024-10-11
98,2024-10-19
98,2024-10-19
98,2024-11-06
98,2024-11-18
98,2024-12-01
98,2024-12-04
98,2024-12-10
98,2024-12-16
98,2024-12-26
99,2024-01-18
99,2024-02-03
99,2024-03-19
99,2024-03-28
99,2024-03-31
99,2024-04-05
99,2024-04-06
99,2024-04-11
99,2024-04-24
99,2024-05-15
99,2024-05-16
99,2024-05-17
99,2024-05-22
99,2024-06-08
99,2024-06-14
99,2024-06-18
99,2024-06-25
99,2024-06-27
99,2024-07-17
99,2024-07-23
99,2024-07-24
99,2024-08-04
99,2024-08-04
99,2024-08-16
99,2024-08-28
99,2024-09-04
99,2024-09-08
99,2024-09-15
99,2024-09-22
99,2024-09-22
99,2024-09-24
99,2024-10-01
99,2024-10-05
99,2024-10-11
99,2024-10-12
99,2024-10-31
99,2024-11-02
99,2024-11-07
99,2024-11-19
99,2024-11-21
99,2024-12-07
99,2024-12-11
99,2024-12-14
99,2024-12-20
100,2024-01-24
100,2024-03-05
100,2024-03-20
100,2024-03-24
100,2024-03-28
100,2024-03-31
100,2024-04-10
100,2024-04-19
100,2024-04-22
100,2024-04-25
100,2024-05-08
100,2024-05-16
100,2024-05-27
100,2024-05-29
100,2024-05-31
100,2024-07-23
100,2024-08-08
100,2024-08-26
100,2024-09-03
100,2024-11-21
100,2024-11-26
100,2024-12-04
100,2024-12-06
100,2024-12-08
100,2024-12-08
101,2024-03-27
101,2024-04-16
101,2024-04-28
101,2024-05-20
101,2024-06-06
101,2024-06-16
101,2024-06-16
101,2024-06-29
101,2024-08-09
101,2024-08-11
101,2024-09-01
101,2024-09-11
101,2024-10-03
101,2024-11-24
101,2024-12-02
101,2024-12-15
101,2024-12-20
102,2024-01-14
102,2024-02-24
102,2024-03-04
102,2024-03-18
102,2024-03-31
102,2024-04-09
102,2024-04-28
102,2024-04-29
102,2024-07-04
102,2024-08-08
102,2024-08-09
102,2024-09-14
102,2024-10-26
102,2024-11-26
103,2024-03-18
103,2024-04-19
103,2024-04-21
103,2024-05-03
103,2024-05-05
103,2024-05-08
103,2024-05-09
103,2024-05-16
103,2024-05-16
103,2024-06-05
103,2024-06-13
103,2024-06-16
103,2024-07-01
103,2024-07-02
103,2024-07-11
103,2024-08-22
103,2024-09-12
103,2024-09-19
103,2024-10-12
103,2024-10-23
103,2024-10-29
103,2024-11-13
103,2024-12-07
103,2024-12-10
103,2024-12-11
103,2024-12-14
103,2024-12-14
103,2024-12-24
104,2024-01-04
104,2024-01-06
104,2024-01-09
104,2024-01-17
104,2024-02-06
104,2024-04-15
104,2024-04-20
104,2024-05-23
104,2024-06-19
104,2024-12-03
104,2024-12-28
105,2024-01-13
105,2024-01-19
105,2024-02-07
105,2024-02-16
105,2024-02-19
105,2024-03-08
105,2024-03-10
105,2024-04-02
105,2024-04-09
105,2024-04-15
105,2024-04-19
105,2024-05-25
105,2024-06-22
105,2024-07-05
105,2024-07-12
105,2024-07-13
105,2024-08-26
105,2024-08-27
105,2024-09-07
105,2024-09-20
105,2024-09-24
105,2024-10-03
105,2024-10-07
105,2024-10-10
105,2024-10-22
105,2024-10-30
105,2024-11-02
105,2024-12-12
106,2024-01-11
106,2024-03-03
106,2024-03-26
106,2024-03-27
106,2024-04-13
106,2024-05-04
106,2024-07-25
106,2024-08-17
106,2024-11-23
107,2024-01-08
107,2024-01-21
107,2024-02-15
107,2024-02-27
107,2024-03-18
107,2024-04-21
107,2024-07-16
107,2024-08-04
107,2024-09-05
107,2024-09-20
107,2024-09-21
107,2024-10-05
107,2024-10-07
107,2024-10-14
107,2024-10-15
107,2024-10-19
107,2024-10-24
107,2024-11-01
107,2024-11-27
107,2024-12-02
107,2024-12-10
107,2024-12-24
108,2024-02-13
108,2024-03-04
108,2024-03-12
108,2024-03-28
108,2024-04-22
108,2024-05-14
108,2024-06-01
108,2024-06-09
108,2024-06-16
108,2024-06-21
108,2024-06-23
108,2024-06-24
108,2024-07-05
108,2024-07-14
108,2024-07-23
108,2024-08-02
108,2024-08-11
108,2024-09-03
108,2024-09-24
108,2024-10-04
108,2024-10-21
108,2024-11-19
108,2024-12-27
108,2024-12-28
109,2024-01-05
109,2024-01-06
109,2024-01-17
109,2024-02-10
109,2024-02-20
109,2024-03-09
109,2024-04-16
109,2024-06-05
109,2024-06-29
109,2024-07-01
109,2024-07-18
109,2024-07-29
109,2024-10-07
109,2024-10-16
109,2024-10-26
109,2024-11-21
109,2024-11-25
109,2024-12-26
109,2024-12-30
110,2024-01-11
110,2024-03-27
110,2024-04-04
110,2024-04-15
110,2024-06-25
110,2024-06-30
110,2024-07-02
110,2024-07-17
110,2024-07-20
110,2024-08-29
110,2024-10-14
110,2024-10-29
110,2024-10-30
110,2024-11-03
110,2024-11-15
110,2024-11-26
110,2024-12-19
110,2024-12-21
111,2024-01-17
111,2024-04-21
111,2024-06-03
111,2024-06-14
111,2024-06-29
111,2024-08-03
111,2024-10-25
111,2024-11-06
111,2024-11-22
111,2024-11-27
111,2024-12-02
111,2024-12-10
111,2024-12-17
111,2024-12-23
111,2024-12-26
111,2024-12-27
112,2024-01-16
112,2024-01-29
112,2024-03-03
112,2024-03-08
112,2024-03-26
112,2024-04-03
112,2024-04-07
112,2024-04-13
112,2024-04-15
112,2024-05-02
112,2024-06-01
112,2024-06-11
112,2024-07-02
112,2024-08-12
112,2024-08-15
112,2024-08-20
112,2024-09-04
112,2024-09-11
112,2024-09-12
112,2024-09-17
112,2024-09-27
112,2024-09-29
112,2024-10-16
112,2024-10-17
112,2024-10-19
112,2024-11-04
112,2024-11-11
112,2024-11-14
112,2024-11-15
112,2024-11-20
112,2024-11-21
112,2024-11-24
112,2024-12-20
112,2024-12-23
112,2024-12-24
113,2024-01-31
113,2024-02-06
113,2024-03-04
113,2024-03-23
113,2024-04-09
113,2024-04-14
113,2024-04-23
113,2024-05-04
113,2024-07-10
113,2024-07-18
113,2024-08-09
113,2024-08-15
113,2024-08-20
113,2024-08-21
113,2024-09-04
113,2024-09-22
113,2024-10-06
113,2024-10-15
113,2024-10-24
113,2024-10-25
113,2024-12-12
114,2024-03-27
114,2024-05-14
114,2024-06-07
114,2024-06-22
114,2024-06-24
114,2024-06-28
114,2024-07-08
114,2024-07-10
114,2024-09-06
114,2024-09-19
114,2024-10-14
114,2024-10-27
114,2024-10-30
114,2024-11-12
114,2024-11-22
114,2024-12-10
114,2024-12-21
114,2024-12-29
115,2024-01-05
115,2024-01-17
115,2024-02-11
115,2024-02-29
115,2024-03-29
115,2024-04-04
115,2024-04-17
115,2024-04-17
115,2024-04-18
115,2024-05-16
115,2024-06-12
115,2024-06-23
115,2024-08-16
115,2024-08-16
115,2024-08-18
115,2024-09-25
115,2024-10-07
115,2024-10-23
115,2024-10-24
115,2024-10-24
115,2024-11-22
115,2024-11-23
115,2024-11-27
115,2024-12-01
116,2024-01-17
116,2024-02-22
116,2024-04-24
116,2024-06-06
116,2024-06-23
116,2024-10-10
116,2024-10-16
116,2024-10-17
116,2024-10-23
117,2024-01-23
117,2024-01-30
117,2024-02-20
117,2024-03-17
117,2024-03-28
117,2024-03-31
117,2024-04-23
117,2024-05-18
117,2024-07-05
117,2024-08-14
117,2024-09-06
117,2024-09-14
117,2024-09-27
117,2024-09-29
117,2024-10-27
117,2024-11-15
117,2024-12-10
117,2024-12-21
117,2024-12-21
118,2024-01-25
118,2024-01-30
118,2024-05-20
118,2024-05-21
118,2024-05-26
118,2024-07-25
118,2024-07-30
118,2024-08-06
118,2024-08-07
118,2024-08-28
118,2024-09-13
118,2024-09-14
118,2024-10-06
118,2024-10-10
118,2024-10-11
118,2024-10-17
118,2024-11-13
118,2024-11-29
118,2024-11-30
119,2024-01-29
119,2024-04-16
119,2024-04-17
119,2024-05-24
119,2024-05-31
119,2024-06-28
119,2024-06-28
119,2024-07-24
119,2024-08-10
119,2024-09-03
119,2024-09-20
119,2024-09-22
119,2024-09-26
119,2024-09-26
119,2024-10-12
119,2024-10-21
119,2024-10-29
119,2024-11-05
119,2024-11-09
119,2024-11-18
119,2024-12-07
119,2024-12-28
120,2024-01-06
120,2024-03-08
120,2024-04-27
120,2024-08-23
120,2024-10-21
120,2024-10-27
121,2024-01-09
121,2024-02-29
121,2024-04-13
121,2024-04-24
121,2024-04-27
121,2024-05-21
121,2024-06-12
121,2024-06-14
121,2024-07-21
121,2024-08-24
121,2024-08-30
121,2024-09-07
121,2024-09-28
121,2024-10-05
121,2024-10-21
121,2024-11-11
121,2024-12-19
121,2024-12-23
122,2024-01-02
122,2024-01-08
122,2024-06-11
122,2024-07-02
122,2024-08-02
122,2024-08-09
122,2024-09-18
122,2024-09-27
122,2024-10-14
122,2024-12-26
123,2024-01-06
123,2024-01-25
123,2024-01-30
123,2024-02-05
123,2024-03-09
123,2024-03-27
123,2024-04-08
123,2024-05-03
123,2024-05-15
123,2024-05-29
123,2024-07-03
123,2024-08-26
123,2024-09-02
123,2024-09-21
123,2024-09-23
123,2024-10-16
123,2024-11-02
123,2024-11-11
123,2024-11-12
123,2024-11-12
123,2024-11-27
123,2024-12-03
123,2024-12-13
124,2024-01-03
124,2024-01-06
124,2024-01-11
124,2024-02-13
124,2024-02-21
124,2024-02-21
124,2024-02-22
124,2024-03-19
124,2024-04-07
124,2024-04-12
124,2024-04-12
124,2024-04-29
124,2024-05-08
124,2024-06-12
124,2024-07-08
124,2024-07-16
124,2024-07-22
124,2024-08-04
124,2024-08-12
124,2024-08-18
124,2024-08-22
124,2024-08-24
124,2024-09-04
124,2024-10-06
124,2024-10-09
124,2024-10-15
124,2024-10-24
124,2024-10-28
124,2024-10-29
124,2024-11-03
124,2024-11-10
124,2024-11-14
124,2024-11-19
124,2024-12-22
124,2024-12-25
124,2024-12-29
125,2024-02-15
125,2024-03-06
125,2024-04-01
125,2024-04-09
125,2024-04-22
125,2024-05-05
125,2024-05-08
125,2024-05-27
125,2024-07-07
125,2024-07-25
126,2024-06-08
126,2024-09-21
126,2024-10-20
126,2024-12-30
127,2024-01-08
127,2024-02-12
127,2024-03-24
127,2024-03-31
127,2024-04-19
127,2024-04-26
127,2024-05-23
127,2024-06-21
127,2024-06-26
127,2024-08-16
127,2024-08-27
127,2024-09-03
127,2024-09-17
127,2024-10-08
127,2024-11-03
127,2024-11-04
127,2024-11-16
127,2024-11-23
127,2024-12-12
127,2024-12-19
128,2024-03-25
128,2024-04-09
128,2024-04-09
128,2024-05-20
128,2024-06-06
128,2024-09-30
128,2024-12-17
128,2024-12-22
128,2024-12-27
129,2024-01-07
129,2024-01-21
129,2024-02-09
129,2024-04-12
129,2024-04-23
129,2024-04-30
129,2024-05-17
129,2024-05-22
129,2024-06-15
129,2024-06-21
129,2024-07-02
129,2024-07-08
129,2024-07-17
129,2024-08-07
129,2024-08-15
129,2024-09-22
129,2024-10-15
129,2024-11-10
130,2024-02-22
130,2024-03-27
130,2024-03-31
130,2024-05-27
130,2024-07-17
130,2024-09-08
130,2024-09-21
130,2024-09-23
130,2024-09-24
130,2024-10-04
130,2024-10-24
130,2024-11-04
130,2024-11-18
130,2024-11-23
130,2024-12-06
130,2024-12-10
130,2024-12-11
131,2024-02-07
131,2024-07-31
131,2024-09-03
131,2024-09-12
131,2024-10-21
131,2024-10-29
131,2024-11-04
131,2024-11-11
131,2024-11-16
131,2024-11-25
131,2024-12-03
131,2024-12-15
131,2024-12-26
132,2024-02-06
132,2024-02-07
132,2024-02-26
132,2024-02-29
132,2024-03-24
132,2024-08-02
132,2024-08-04
132,2024-08-06
132,2024-08-25
132,2024-09-21
132,2024-09-25
132,2024-09-27
132,2024-09-30
132,2024-10-11
132,2024-10-20
132,2024-10-21
132,2024-11-11
132,2024-11-15
132,2024-11-16
132,2024-11-18
132,2024-11-19
132,2024-11-28
132,2024-12-01
132,2024-12-09
132,2024-12-12
132,2024-12-19
132,2024-12-25
132,2024-12-27
132,2024-12-29
132,2024-12-30
133,2024-02-07
133,2024-04-15
133,2024-07-29
133,2024-09-20
133,2024-10-13
133,2024-11-13
133,2024-12-10
133,2024-12-19
133,2024-12-22
134,2024-02-04
134,2024-02-12
134,2024-02-19
134,2024-04-06
134,2024-05-04
134,2024-06-15
134,2024-08-07
134,2024-08-14
134,2024-08-21
134,2024-08-22
134,2024-09-10
134,2024-09-26
134,2024-11-02
134,2024-11-11
134,2024-11-23
134,2024-11-23
134,2024-11-26
134,2024-12-08
135,2024-01-06
135,2024-01-18
135,2024-01-19
135,2024-02-02
135,2024-02-03
135,2024-02-13
135,2024-02-20
135,2024-02-25
135,2024-03-26
135,2024-04-30
135,2024-05-02
135,2024-05-05
135,2024-05-11
135,2024-05-15
135,2024-05-27
135,2024-06-10
135,2024-06-11
135,2024-06-14
135,2024-07-01
135,2024-07-01
135,2024-07-08
135,2024-07-18
135,2024-07-18
135,2024-07-25
135,2024-07-26
135,2024-07-31
135,2024-08-14
135,2024-08-16
135,2024-08-22
135,2024-08-26
135,2024-09-04
135,2024-09-16
135,2024-09-25
135,2024-09-27
135,2024-10-01
135,2024-10-02
135,2024-10-25
135,2024-11-20
135,2024-12-05
135,2024-12-14
135,2024-12-17
135,2024-12-26
135,2024-12-28
136,2024-01-06
136,2024-02-02
136,2024-02-12
136,2024-03-04
136,2024-03-19
136,2024-03-30
136,2024-04-13
136,2024-05-11
136,2024-05-30
136,2024-06-12
136,2024-06-14
136,2024-07-02
136,2024-08-01
136,2024-08-13
136,2024-08-31
136,2024-09-25
136,2024-10-01
136,2024-10-26
136,2024-11-10
136,2024-11-18
136,2024-11-22
136,2024-11-23
136,2024-11-23
136,2024-11-30
136,2024-12-05
136,2024-12-08
136,2024-12-12
136,2024-12-13
136,2024-12-30
137,2024-02-08
137,2024-03-05
137,2024-03-28
137,2024-04-01
137,2024-06-27
137,2024-08-30
137,2024-10-10
137,2024-10-15
137,2024-12-04
137,2024-12-11
137,2024-12-21
137,2024-12-29
138,2024-01-29
138,2024-02-05
138,2024-02-08
138,2024-02-11
138,2024-02-16
138,2024-02-19
138,2024-02-21
138,2024-03-22
138,2024-03-29
138,2024-04-01
138,2024-04-07
138,2024-04-20
138,2024-04-21
138,2024-05-11
138,2024-06-25
138,2024-07-06
138,2024-07-09
138,2024-07-28
138,2024-08-04
138,2024-09-23
138,2024-10-18
138,2024-11-02
139,2024-01-13
139,2024-01-21
139,2024-01-31
139,2024-02-12
139,2024-02-26
139,2024-03-05
139,2024-03-27
139,2024-05-01
139,2024-05-09
139,2024-05-15
139,2024-06-05
139,2024-07-10
139,2024-08-02
139,2024-08-03
139,2024-08-12
139,2024-08-26
139,2024-09-02
139,2024-09-23
139,2024-09-26
139,2024-10-03
139,2024-10-06
139,2024-10-12
139,2024-11-10
139,2024-11-25
139,2024-11-27
139,2024-12-06
139,2024-12-08
139,2024-12-12
139,2024-12-12
139,2024-12-17
139,2024-12-19
139,2024-12-26
139,2024-12-27
139,2024-12-29
139,2024-12-30
140,2024-01-26
140,2024-02-13
140,2024-02-24
140,2024-04-07
140,2024-05-18
140,2024-06-10
140,2024-06-17
140,2024-08-04
140,2024-08-13
140,2024-08-27
140,2024-09-03
140,2024-09-26
140,2024-10-02
140,2024-10-11
140,2024-10-19
140,2024-11-01
140,2024-12-23
140,2024-12-29
141,2024-01-24
141,2024-02-23
141,2024-03-13
141,2024-03-14
141,2024-03-22
141,2024-03-28
141,2024-04-05
141,2024-04-11
141,2024-04-12
141,2024-04-16
141,2024-04-27
141,2024-05-15
141,2024-05-17
141,2024-06-13
141,2024-06-16
141,2024-07-23
141,2024-07-30
141,2024-08-21
141,2024-08-24
141,2024-08-31
141,2024-09-10
141,2024-09-20
141,2024-09-20
141,2024-09-24
141,2024-10-06
141,2024-10-09
141,2024-10-22
141,2024-11-20
141,2024-11-29
141,2024-12-07
141,2024-12-13
141,2024-12-22
141,2024-12-25
142,2024-01-13
142,2024-01-31
142,2024-02-26
142,2024-03-05
142,2024-03-30
142,2024-04-12
142,2024-04-12
142,2024-04-19
142,2024-04-25
142,2024-05-14
142,2024-05-22
142,2024-06-04
142,2024-06-13
142,2024-06-14
142,2024-06-16
142,2024-07-16
142,2024-07-26
142,2024-07-26
142,2024-08-05
142,2024-08-10
142,2024-09-02
142,2024-09-06
142,2024-09-09
142,2024-09-14
142,2024-09-21
142,2024-09-28
142,2024-09-29
142,2024-10-03
142,2024-10-04
142,2024-10-24
142,2024-11-10
142,2024-11-13
142,2024-11-21
142,2024-12-12
142,2024-12-19
142,2024-12-23
142,2024-12-30
143,2024-02-20
143,2024-03-21
143,2024-05-06
143,2024-06-09
143,2024-07-19
143,2024-08-24
143,2024-09-23
143,2024-11-12
143,2024-11-16
143,2024-11-29
143,2024-12-01
143,2024-12-06
143,2024-12-14
143,2024-12-18
143,2024-12-25
144,2024-02-08
144,2024-02-25
144,2024-05-15
144,2024-06-03
144,2024-07-30
144,2024-09-22
144,2024-10-24
144,2024-11-01
145,2024-01-17
145,2024-01-18
145,2024-03-22
145,2024-04-03
145,2024-04-08
145,2024-04-14
145,2024-04-17
145,2024-04-22
145,2024-04-22
145,2024-05-02
145,2024-07-25
145,2024-08-01
145,2024-09-10
145,2024-09-29
145,2024-10-10
145,2024-11-10
145,2024-12-10
145,2024-12-21
146,2024-01-31
146,2024-02-16
146,2024-02-18
146,2024-03-08
146,2024-03-24
146,2024-04-01
146,2024-04-26
146,2024-05-12
146,2024-05-13
146,2024-05-25
146,2024-05-26
146,2024-06-04
146,2024-06-06
146,2024-06-20
146,2024-06-23
146,2024-06-28
146,2024-07-04
146,2024-07-09
146,2024-07-10
146,2024-07-12
146,2024-07-24
146,2024-07-26
146,2024-09-17
146,2024-09-20
146,2024-09-28
146,2024-10-09
146,2024-10-18
146,2024-10-22
146,2024-10-29
146,2024-11-21
146,2024-11-27
146,2024-11-27
146,2024-12-10
146,2024-12-11
146,2024-12-16
146,2024-12-20
146,2024-12-23
147,2024-01-05
147,2024-01-16
147,2024-04-18
147,2024-04-23
147,2024-06-04
147,2024-06-11
147,2024-06-24
147,2024-07-18
147,2024-08-05
147,2024-08-17
147,2024-08-27
147,2024-10-09
147,2024-10-22
147,2024-12-05
148,2024-01-03
148,2024-04-17
148,2024-04-22
148,2024-04-25
148,2024-05-23
148,2024-07-08
148,2024-07-09
148,2024-07-29
148,2024-08-02
148,2024-08-05
148,2024-08-31
148,2024-09-12
148,2024-09-26
148,2024-09-27
148,2024-10-04
148,2024-10-29
148,2024-11-06
148,2024-11-09
148,2024-11-24
148,2024-12-20
148,2024-12-24
149,2024-02-09
149,2024-03-02
149,2024-04-15
149,2024-04-23
149,2024-05-31
149,2024-06-09
149,2024-07-19
149,2024-07-21
149,2024-07-25
149,2024-08-21
149,2024-08-25
149,2024-08-27
149,2024-09-03
149,2024-09-08
149,2024-09-20
149,2024-09-22
149,2024-10-08
149,2024-10-15
149,2024-10-20
149,2024-10-21
149,2024-10-25
149,2024-11-16
149,2024-11-28
150,2024-02-13
150,2024-04-14
150,2024-05-06
150,2024-06-02
150,2024-07-14
150,2024-07-31
150,2024-08-29
150,2024-10-04
150,2024-10-16
150,2024-11-13
150,2024-12-01
150,2024-12-18
150,2024-12-20
151,2024-01-09
151,2024-01-19
151,2024-01-22
151,2024-02-17
151,2024-02-22
151,2024-03-01
151,2024-03-11
151,2024-03-12
151,2024-03-14
151,2024-04-15
151,2024-04-19
151,2024-04-25
151,2024-05-15
151,2024-06-12
151,2024-06-25
151,2024-07-10
151,2024-07-17
151,2024-07-19
151,2024-07-25
151,2024-08-06
151,2024-08-11
151,2024-08-24
151,2024-08-27
151,2024-08-29
151,2024-09-02
151,2024-09-05
151,2024-09-06
151,2024-09-16
151,2024-09-16
151,2024-09-21
151,2024-09-26
151,2024-10-04
151,2024-10-07
151,2024-10-09
151,2024-10-11
151,2024-10-20
151,2024-11-03
151,2024-11-05
151,2024-12-04
151,2024-12-05
151,2024-12-30
152,2024-02-16
152,2024-03-13
152,2024-03-15
152,2024-03-19
152,2024-03-30
152,2024-03-30
152,2024-04-13
152,2024-04-26
152,2024-05-13
152,2024-06-08
152,2024-06-13
152,2024-06-18
152,2024-06-26
152,2024-06-28
152,2024-07-08
152,2024-07-26
152,2024-09-05
152,2024-09-27
152,2024-10-03
152,2024-10-19
152,2024-10-20
152,2024-10-22
152,2024-10-22
152,2024-11-02
152,2024-11-03
152,2024-11-08
152,2024-12-12
152,2024-12-25
153,2024-02-01
153,2024-03-11
153,2024-03-14
153,2024-03-20
153,2024-03-26
153,2024-03-28
153,2024-04-03
153,2024-04-25
153,2024-04-26
153,2024-05-17
153,2024-05-27
153,2024-05-29
153,2024-06-09
153,2024-06-13
153,2024-07-04
153,2024-08-17
153,2024-08-23
153,2024-09-01
153,2024-10-17
153,2024-10-20
153,2024-11-08
153,2024-11-26
153,2024-12-20
153,2024-12-26
154,2024-01-29
154,2024-02-08
154,2024-02-20
154,2024-03-30
154,2024-05-07
154,2024-05-29
154,2024-06-04
154,2024-07-09
154,2024-07-16
154,2024-08-07
154,2024-09-01
154,2024-09-04
154,2024-09-24
154,2024-11-08
154,2024-11-09
154,2024-11-11
154,2024-11-21
154,2024-11-24
154,2024-11-24
154,2024-12-02
154,2024-12-04
154,2024-12-18
154,2024-12-21
155,2024-02-08
155,2024-02-25
155,2024-03-08
155,2024-03-10
155,2024-03-11
155,2024-03-19
155,2024-03-25
155,2024-05-15
155,2024-05-23
155,2024-06-19
155,2024-06-21
155,2024-07-06
155,2024-07-14
155,2024-07-25
155,2024-07-26
155,2024-07-28
155,2024-08-03
155,2024-08-30
155,2024-08-30
155,2024-08-30
155,2024-09-09
155,2024-09-12
155,2024-09-16
155,2024-10-30
155,2024-11-04
155,2024-11-04
155,2024-11-11
155,2024-11-24
155,2024-12-14
155,2024-12-26
156,2024-01-02
156,2024-01-21
156,2024-02-06
156,2024-02-17
156,2024-03-07
156,2024-03-17
156,2024-04-05
156,2024-04-24
156,2024-05-22
156,2024-06-11
156,2024-06-18
156,2024-07-04
156,2024-07-06
156,2024-08-19
156,2024-08-23
156,2024-09-01
156,2024-09-08
156,2024-09-27
156,2024-10-24
156,2024-11-02
156,2024-11-10
156,2024-11-14
156,2024-11-15
156,2024-11-25
156,2024-12-20
156,2024-12-20
156,2024-12-21
157,2024-03-26
157,2024-03-30
157,2024-04-02
157,2024-04-08
157,2024-04-23
157,2024-05-01
157,2024-06-08
157,2024-06-21
157,2024-06-27
157,2024-06-28
157,2024-07-07
157,2024-07-17
157,2024-07-25
157,2024-08-16
157,2024-08-19
157,2024-08-27
157,2024-08-28
157,2024-08-29
157,2024-09-02
157,2024-09-03
157,2024-09-05
157,2024-10-18
157,2024-10-21
157,2024-11-17
157,2024-11-29
157,2024-12-01
157,2024-12-18
157,2024-12-22
158,2024-01-01
158,2024-01-20
158,2024-01-28
158,2024-02-08
158,2024-02-21
158,2024-02-23
158,2024-02-24
158,2024-03-26
158,2024-04-04
158,2024-04-05
158,2024-04-23
158,2024-04-28
158,2024-05-01
158,2024-05-03
158,2024-05-12
158,2024-05-19
158,2024-05-25
158,2024-05-28
158,2024-05-31
158,2024-05-31
158,2024-06-01
158,2024-06-08
158,2024-06-17
158,2024-06-22
158,2024-07-05
158,2024-07-30
158,2024-08-29
158,2024-09-05
158,2024-09-07
158,2024-09-08
158,2024-09-12
158,2024-09-27
158,2024-09-30
158,2024-10-23
158,2024-10-28
158,2024-10-28
158,2024-11-04
158,2024-11-18
158,2024-11-25
158,2024-12-13
158,2024-12-22
158,2024-12-27
159,2024-02-05
159,2024-03-30
159,2024-04-09
159,2024-05-01
159,2024-05-21
159,2024-05-26
159,2024-07-02
159,2024-07-11
159,2024-07-12
159,2024-07-19
159,2024-07-23
159,2024-08-14
159,2024-08-17
159,2024-08-17
159,2024-08-20
159,2024-08-30
159,2024-09-06
159,2024-09-08
159,2024-09-08
159,2024-09-09
159,2024-09-10
159,2024-09-18
159,2024-09-20
159,2024-09-20
159,2024-09-22
159,2024-10-08
159,2024-10-08
159,2024-10-11
159,2024-10-15
159,2024-10-27
159,2024-11-14
159,2024-12-02
159,2024-12-17
159,2024-12-19
159,2024-12-27
160,2024-01-22
160,2024-01-25
160,2024-02-07
160,2024-02-20
160,2024-03-06
160,2024-03-09
160,2024-03-27
160,2024-04-04
160,2024-04-06
160,2024-04-24
160,2024-04-28
160,2024-05-15
160,2024-05-20
160,2024-05-29
160,2024-06-04
160,2024-06-05
160,2024-07-01
160,2024-07-10
160,2024-07-10
160,2024-07-12
160,2024-07-13
160,2024-07-20
160,2024-08-04
160,2024-08-08
160,2024-08-12
160,2024-08-16
160,2024-08-25
160,2024-09-19
160,2024-10-06
160,2024-10-29
160,2024-11-21
160,2024-12-05
160,2024-12-14
160,2024-12-20
161,2024-01-03
161,2024-02-09
161,2024-02-20
161,2024-02-21
161,2024-03-28
161,2024-03-29
161,2024-03-31
161,2024-04-15
161,2024-05-16
161,2024-05-20
161,2024-06-09
161,2024-06-30
161,2024-07-11
161,2024-09-19
161,2024-10-31
161,2024-11-03
161,2024-11-25
161,2024-12-12
162,2024-01-01
162,2024-08-02
162,2024-09-03
162,2024-12-01
162,2024-12-10
162,2024-12-27
163,2024-01-21
163,2024-01-28
163,2024-01-30
163,2024-02-12
163,2024-03-02
163,2024-03-15
163,2024-04-07
163,2024-04-22
163,2024-06-21
163,2024-06-23
163,2024-06-27
163,2024-07-12
163,2024-07-21
163,2024-08-01
163,2024-08-03
163,2024-08-07
163,2024-09-20
163,2024-10-04
163,2024-10-12
163,2024-10-19
163,2024-10-19
163,2024-10-29
163,2024-11-12
163,2024-11-20
163,2024-11-25
163,2024-12-26
164,2024-01-14
164,2024-02-03
164,2024-05-07
164,2024-05-16
164,2024-07-04
164,2024-07-08
164,2024-08-13
164,2024-09-04
164,2024-09-23
164,2024-10-01
164,2024-10-08
164,2024-10-11
164,2024-10-16
164,2024-10-23
164,2024-11-18
164,2024-11-26
164,2024-11-27
164,2024-12-05
164,2024-12-12
164,2024-12-22
164,2024-12-30
165,2024-02-14
165,2024-04-08
165,2024-04-11
165,2024-06-02
165,2024-07-07
165,2024-07-22
165,2024-08-26
165,2024-09-17
165,2024-09-19
165,2024-10-08
165,2024-11-24
166,2024-01-20
166,2024-01-27
166,2024-03-04
166,2024-06-01
166,2024-06-22
166,2024-06-26
166,2024-07-05
166,2024-07-12
166,2024-07-14
166,2024-07-28
166,2024-07-30
166,2024-08-21
166,2024-08-31
166,2024-09-03
166,2024-09-09
166,2024-09-16
166,2024-09-17
166,2024-09-20
166,2024-09-22
166,2024-09-22
166,2024-09-22
166,2024-09-24
166,2024-09-24
166,2024-10-04
166,2024-10-11
166,2024-10-17
166,2024-10-19
166,2024-10-27
166,2024-11-12
166,2024-11-20
166,2024-11-29
166,2024-12-20
166,2024-12-20
166,2024-12-26
166,2024-12-29
167,2024-02-06
167,2024-03-17
167,2024-04-23
167,2024-05-10
167,2024-05-21
167,2024-06-29
167,2024-07-31
167,2024-09-06
167,2024-09-07
167,2024-09-14
167,2024-09-22
167,2024-09-24
167,2024-10-04
167,2024-10-05
167,2024-10-05
167,2024-10-27
167,2024-11-02
167,2024-11-02
167,2024-11-05
167,2024-11-09
167,2024-11-13
167,2024-11-14
167,2024-11-17
167,2024-12-17
168,2024-04-05
168,2024-06-09
168,2024-06-23
168,2024-11-25
168,2024-12-02
168,2024-12-06
168,2024-12-09
169,2024-01-08
169,2024-01-09
169,2024-03-14
169,2024-03-26
169,2024-04-01
169,2024-04-10
169,2024-06-01
169,2024-06-12
169,2024-06-22
169,2024-07-19
169,2024-08-01
169,2024-08-03
169,2024-08-14
169,2024-08-25
169,2024-08-25
169,2024-10-05
169,2024-10-20
169,2024-11-30
170,2024-01-25
170,2024-01-31
170,2024-04-01
170,2024-04-06
170,2024-04-23
170,2024-05-13
170,2024-07-06
170,2024-10-20
170,2024-12-22
171,2024-01-01
171,2024-03-06
171,2024-06-08
171,2024-06-09
171,2024-08-14
171,2024-09-06
171,2024-09-09
171,2024-09-14
171,2024-09-22
171,2024-11-12
171,2024-12-15
171,2024-12-26
171,2024-12-29
172,2024-01-09
172,2024-02-02
172,2024-02-04
172,2024-02-21
172,2024-03-15
172,2024-03-21
172,2024-04-07
172,2024-04-12
172,2024-05-14
172,2024-06-08
172,2024-06-16
172,2024-10-10
172,2024-10-24
172,2024-10-26
172,2024-11-08
173,2024-01-04
173,2024-01-05
173,2024-01-29
173,2024-03-06
173,2024-03-29
173,2024-06-06
173,2024-06-26
173,2024-07-02
173,2024-07-07
173,2024-07-17
173,2024-07-24
173,2024-07-26
173,2024-09-10
173,2024-09-10
173,2024-10-14
173,2024-10-15
173,2024-10-18
173,2024-10-20
173,2024-10-22
173,2024-11-17
173,2024-12-15
173,2024-12-24
173,2024-12-24
174,2024-02-22
174,2024-03-11
174,2024-04-18
174,2024-05-17
174,2024-05-21
174,2024-07-11
174,2024-07-11
174,2024-09-26
174,2024-12-13
175,2024-01-09
175,2024-04-20
175,2024-04-29
175,2024-05-08
175,2024-06-10
175,2024-07-19
175,2024-07-24
175,2024-07-25
175,2024-08-25
175,2024-09-07
175,2024-09-24
175,2024-09-30
175,2024-10-15
175,2024-11-01
175,2024-11-08
175,2024-12-07
175,2024-12-11
176,2024-01-02
176,2024-01-19
176,2024-01-23
176,2024-01-28
176,2024-02-22
176,2024-04-16
176,2024-04-20
176,2024-04-26
176,2024-05-22
176,2024-05-25
176,2024-06-07
176,2024-06-11
176,2024-06-16
176,2024-06-24
176,2024-07-11
176,2024-08-08
176,2024-08-13
176,2024-08-21
176,2024-08-26
176,2024-09-05
176,2024-09-25
176,2024-10-08
176,2024-10-09
176,2024-10-13
176,2024-11-11
176,2024-12-04
176,2024-12-07
176,2024-12-16
176,2024-12-23
176,2024-12-25
177,2024-01-16
177,2024-02-15
177,2024-02-15
177,2024-03-05
177,2024-04-24
177,2024-05-05
177,2024-05-24
177,2024-06-27
177,2024-08-02
177,2024-08-11
177,2024-08-28
177,2024-09-07
177,2024-09-19
177,2024-09-26
177,2024-10-10
177,2024-11-01
177,2024-11-02
177,2024-11-04
177,2024-11-06
177,2024-11-07
177,2024-11-11
177,2024-11-11
177,2024-11-27
177,2024-11-27
177,2024-12-07
177,2024-12-15
177,2024-12-24
177,2024-12-27
178,2024-01-02
178,2024-01-22
178,2024-02-14
178,2024-03-04
178,2024-03-07
178,2024-03-13
178,2024-03-17
178,2024-03-20
178,2024-03-24
178,2024-04-29
178,2024-05-04
178,2024-07-01
178,2024-07-13
178,2024-07-22
178,2024-07-26
178,2024-07-31
178,2024-09-18
178,2024-11-02
178,2024-11-20
178,2024-11-28
178,2024-12-01
178,2024-12-15
178,2024-12-28
179,2024-01-12
179,2024-02-10
179,2024-03-06
179,2024-03-28
179,2024-05-06
179,2024-07-03
179,2024-07-06
179,2024-07-19
179,2024-07-23
179,2024-08-16
179,2024-08-20
179,2024-10-24
179,2024-10-29
179,2024-12-02
179,2024-12-08
180,2024-03-07
180,2024-03-10
180,2024-04-06
180,2024-04-21
180,2024-04-25
180,2024-05-09
180,2024-05-16
180,2024-05-29
180,2024-06-01
180,2024-06-10
180,2024-07-25
180,2024-08-21
180,2024-08-25
180,2024-09-03
180,2024-09-07
180,2024-09-11
180,2024-09-19
180,2024-09-25
180,2024-09-30
180,2024-10-03
180,2024-10-12
180,2024-10-20
180,2024-11-29
181,2024-01-14
181,2024-03-31
181,2024-04-23
181,2024-05-09
181,2024-05-18
181,2024-07-19
181,2024-08-02
181,2024-11-18
181,2024-11-25
181,2024-12-17
181,2024-12-19
181,2024-12-27
181,2024-12-28
182,2024-01-20
182,2024-03-11
182,2024-03-23
182,2024-04-03
182,2024-04-24
182,2024-05-16
182,2024-05-17
182,2024-05-21
182,2024-05-28
182,2024-07-01
182,2024-07-11
182,2024-08-18
182,2024-09-15
182,2024-10-18
182,2024-10-21
182,2024-11-12
182,2024-11-14
182,2024-11-27
183,2024-02-02
183,2024-03-06
183,2024-04-04
183,2024-04-10
183,2024-04-26
183,2024-05-09
183,2024-06-08
183,2024-06-09
183,2024-07-21
183,2024-08-01
183,2024-08-01
183,2024-08-01
183,2024-08-12
183,2024-08-24
183,2024-09-09
183,2024-09-11
183,2024-09-16
183,2024-09-28
183,2024-10-06
183,2024-10-08
183,2024-11-07
183,2024-11-11
183,2024-11-12
183,2024-11-24
183,2024-11-25
183,2024-12-15
183,2024-12-18
183,2024-12-30
184,2024-01-03
184,2024-01-23
184,2024-01-26
184,2024-02-04
184,2024-02-24
184,2024-03-06
184,2024-03-12
184,2024-03-27
184,2024-04-08
184,2024-05-13
184,2024-05-23
184,2024-05-24
184,2024-05-31
184,2024-06-05
184,2024-06-15
184,2024-06-23
184,2024-07-10
184,2024-07-23
184,2024-07-25
184,2024-07-26
184,2024-07-30
184,2024-08-04
184,2024-08-06
184,2024-08-15
184,2024-08-29
184,2024-08-30
184,2024-09-15
184,2024-09-19
184,2024-11-12
184,2024-11-19
184,2024-12-04
184,2024-12-14
184,2024-12-15
185,2024-01-13
185,2024-01-16
185,2024-01-29
185,2024-01-29
185,2024-02-02
185,2024-02-16
185,2024-03-21
185,2024-04-12
185,2024-07-10
185,2024-08-16
185,2024-09-14
185,2024-11-28
185,2024-12-13
185,2024-12-24
185,2024-12-30
186,2024-01-10
186,2024-01-25
186,2024-05-21
186,2024-06-01
186,2024-06-11
186,2024-06-17
186,2024-07-02
186,2024-07-09
186,2024-09-14
186,2024-09-14
186,2024-10-12
186,2024-11-12
186,2024-11-16
186,2024-11-19
186,2024-11-21
186,2024-11-26
187,2024-03-04
187,2024-03-31
187,2024-04-25
187,2024-04-26
187,2024-06-04
187,2024-06-10
187,2024-06-30
187,2024-07-04
187,2024-07-22
187,2024-08-13
187,2024-09-15
187,2024-09-22
187,2024-10-04
187,2024-12-07
187,2024-12-14
187,2024-12-22
188,2024-01-12
188,2024-03-20
188,2024-03-28
188,2024-04-12
188,2024-04-21
188,2024-05-04
188,2024-07-02
188,2024-07-10
188,2024-07-24
188,2024-07-28
188,2024-08-12
188,2024-08-13
188,2024-08-20
188,2024-09-06
188,2024-09-06
188,2024-09-16
188,2024-09-18
188,2024-09-27
188,2024-10-05
188,2024-10-11
188,2024-10-15
188,2024-11-21
188,2024-11-28
188,2024-11-29
188,2024-12-02
188,2024-12-10
188,2024-12-12
189,2024-01-25
189,2024-01-27
189,2024-02-09
189,2024-03-24
189,2024-06-15
189,2024-08-09
189,2024-08-17
189,2024-09-10
189,2024-10-15
189,2024-11-14
189,2024-11-21
189,2024-12-22
189,2024-12-25
190,2024-01-11
190,2024-02-28
190,2024-03-16
190,2024-03-18
190,2024-04-03
190,2024-04-05
190,2024-05-15
190,2024-05-25
190,2024-06-24
190,2024-06-24
190,2024-06-25
190,2024-07-03
190,2024-10-04
190,2024-10-14
190,2024-10-17
190,2024-11-25
190,2024-12-04
190,2024-12-07
190,2024-12-18
191,2024-01-02
191,2024-01-05
191,2024-01-27
191,2024-01-29
191,2024-02-06
191,2024-02-18
191,2024-02-22
191,2024-04-14
191,2024-05-05
191,2024-05-26
191,2024-07-07
191,2024-07-11
191,2024-07-31
191,2024-09-04
191,2024-09-16
191,2024-09-25
191,2024-10-16
191,2024-10-23
191,2024-11-02
191,2024-11-12
191,2024-11-17
191,2024-11-25
191,2024-12-11
191,2024-12-18
191,2024-12-18
191,2024-12-20
191,2024-12-23
191,2024-12-27
191,2024-12-29
192,2024-02-06
192,2024-04-22
192,2024-08-01
192,2024-09-20
192,2024-09-22
192,2024-09-26
192,2024-09-27
192,2024-10-25
192,2024-12-15
192,2024-12-29
193,2024-01-31
193,2024-03-03
193,2024-04-11
193,2024-05-29
193,2024-06-18
193,2024-06-24
193,2024-11-08
193,2024-11-21
194,2024-01-16
194,2024-02-05
194,2024-03-03
194,2024-04-21
194,2024-05-22
194,2024-06-27
194,2024-06-30
194,2024-07-18
194,2024-08-07
194,2024-08-15
194,2024-09-13
194,2024-10-11
194,2024-10-17
194,2024-12-02
194,2024-12-20
195,2024-01-26
195,2024-01-28
195,2024-02-24
195,2024-03-06
195,2024-03-15
195,2024-03-29
195,2024-04-02
195,2024-04-07
195,2024-04-08
195,2024-04-09
195,2024-04-21
195,2024-04-26
195,2024-05-04
195,2024-05-06
195,2024-05-08
195,2024-06-01
195,2024-06-08
195,2024-06-14
195,2024-07-06
195,2024-07-09
195,2024-07-14
195,2024-08-23
195,2024-09-10
195,2024-09-14
195,2024-09-16
195,2024-09-19
195,2024-09-20
195,2024-09-26
195,2024-09-28
195,2024-10-03
195,2024-10-08
195,2024-10-10
195,2024-10-14
195,2024-10-23
195,2024-11-21
195,2024-12-04
195,2024-12-04
195,2024-12-10
195,2024-12-21
196,2024-01-06
196,2024-01-07
196,2024-01-19
196,2024-01-21
196,2024-02-05
196,2024-02-10
196,2024-02-14
196,2024-03-20
196,2024-04-03
196,2024-04-12
196,2024-05-01
196,2024-05-12
196,2024-05-15
196,2024-05-21
196,2024-06-04
196,2024-06-07
196,2024-06-10
196,2024-06-25
196,2024-07-14
196,2024-07-16
196,2024-07-16
196,2024-07-21
196,2024-07-24
196,2024-07-26
196,2024-07-29
196,2024-08-04
196,2024-08-19
196,2024-08-25
196,2024-08-25
196,2024-09-11
196,2024-09-25
196,2024-10-26
196,2024-10-29
196,2024-11-05
196,2024-11-24
196,2024-11-28
196,2024-12-06
196,2024-12-26
196,2024-12-29
197,2024-01-22
197,2024-01-23
197,2024-02-25
197,2024-03-12
197,2024-03-23
197,2024-03-26
197,2024-03-28
197,2024-03-29
197,2024-04-05
197,2024-04-23
197,2024-05-02
197,2024-05-08
197,2024-05-08
197,2024-05-13
197,2024-05-29
197,2024-06-01
197,2024-06-11
197,2024-06-23
197,2024-06-23
197,2024-06-26
197,2024-07-01
197,2024-07-19
197,2024-07-24
197,2024-07-25
197,2024-07-25
197,2024-07-29
197,2024-07-30
197,2024-08-06
197,2024-08-10
197,2024-08-20
197,2024-08-25
197,2024-08-28
197,2024-08-29
197,2024-09-03
197,2024-09-16
197,2024-09-26
197,2024-09-28
197,2024-10-02
197,2024-10-04
197,2024-10-09
197,2024-10-10
197,2024-10-12
197,2024-10-15
197,2024-10-20
197,2024-11-06
197,2024-11-11
197,2024-11-21
197,2024-11-26
197,2024-11-29
197,2024-12-11
197,2024-12-22
197,2024-12-23
197,2024-12-26
197,2024-12-29
198,2024-01-01
198,2024-01-01
198,2024-01-03
198,2024-01-04
198,2024-01-18
198,2024-01-31
198,2024-02-17
198,2024-04-09
198,2024-09-09
198,2024-11-15
198,2024-12-08
199,2024-05-15
199,2024-06-03
199,2024-06-10
199,2024-06-20
199,2024-06-25
199,2024-06-29
199,2024-07-26
199,2024-08-05
199,2024-09-09
199,2024-09-19
199,2024-09-24
199,2024-09-25
199,2024-09-28
199,2024-09-30
199,2024-09-30
199,2024-10-08
199,2024-10-22
199,2024-10-27
199,2024-10-29
199,2024-10-29
199,2024-11-09
199,2024-11-10
199,2024-11-13
199,2024-11-29
199,2024-12-01
199,2024-12-10
199,2024-12-29
199,2024-12-30
200,2024-02-09
200,2024-03-02
200,2024-03-12
200,2024-04-04
200,2024-04-10
200,2024-04-16
200,2024-05-15
200,2024-05-26
200,2024-08-25
200,2024-09-18
200,2024-09-22
200,2024-09-25
200,2024-10-21
200,2024-10-24
200,2024-12-29
201,2024-02-15
201,2024-02-22
201,2024-05-02
201,2024-06-13
201,2024-06-19
201,2024-06-29
201,2024-07-11
201,2024-07-20
201,2024-09-01
201,2024-10-24
201,2024-11-16
201,2024-12-06
201,2024-12-11
201,2024-12-15
201,2024-12-22
202,2024-01-23
202,2024-01-31
202,2024-02-15
202,2024-02-24
202,2024-02-27
202,2024-03-11
202,2024-05-05
202,2024-05-09
202,2024-07-15
202,2024-10-29
202,2024-12-20
203,2024-02-26
203,2024-02-26
203,2024-03-18
203,2024-04-17
203,2024-04-26
203,2024-05-05
203,2024-06-11
203,2024-06-24
203,2024-07-01
203,2024-07-09
203,2024-07-22
203,2024-09-20
203,2024-10-12
203,2024-10-12
203,2024-10-16
203,2024-10-18
203,2024-10-18
203,2024-11-11
203,2024-11-17
203,2024-11-17
203,2024-11-26
203,2024-11-27
203,2024-11-29
203,2024-11-30
203,2024-12-10
203,2024-12-24
203,2024-12-28
204,2024-03-26
204,2024-04-05
204,2024-07-03
204,2024-08-21
204,2024-09-18
204,2024-09-26
204,2024-09-26
204,2024-11-09
204,2024-11-29
204,2024-12-23
205,2024-02-08
205,2024-03-08
205,2024-06-02
205,2024-06-26
205,2024-07-10
205,2024-07-15
205,2024-07-22
205,2024-07-29
205,2024-08-24
205,2024-09-19
205,2024-09-29
205,2024-10-01
205,2024-11-03
205,2024-11-21
205,2024-12-12
206,2024-01-06
206,2024-01-06
206,2024-01-09
206,2024-01-29
206,2024-01-30
206,2024-02-14
206,2024-02-25
206,2024-03-01
206,2024-03-19
206,2024-03-20
206,2024-04-01
206,2024-04-01
206,2024-04-17
206,2024-05-21
206,2024-05-22
206,2024-05-30
206,2024-06-28
206,2024-07-01
206,2024-07-06
206,2024-07-16
206,2024-07-18
206,2024-07-25
206,2024-09-02
206,2024-09-07
206,2024-09-16
206,2024-09-24
206,2024-09-27
206,2024-10-05
206,2024-10-07
206,2024-10-12
206,2024-10-23
206,2024-11-29
206,2024-12-14
206,2024-12-20
207,2024-01-15
207,2024-01-22
207,2024-02-07
207,2024-03-05
207,2024-03-13
207,2024-03-14
207,2024-03-16
207,2024-04-14
207,2024-04-21
207,2024-04-23
207,2024-05-30
207,2024-06-11
207,2024-06-11
207,2024-06-20
207,2024-07-16
207,2024-07-20
207,2024-07-22
207,2024-08-04
207,2024-08-09
207,2024-08-21
207,2024-08-23
207,2024-09-10
207,2024-09-11
207,2024-09-11
207,2024-09-19
207,2024-10-09
207,2024-10-11
207,2024-11-01
207,2024-12-06
207,2024-12-08
207,2024-12-26
208,2024-05-12
208,2024-05-16
208,2024-06-15
208,2024-06-17
208,2024-06-22
208,2024-07-03
208,2024-08-11
208,2024-08-22
208,2024-08-31
208,2024-09-03
208,2024-09-21
208,2024-09-28
208,2024-10-10
208,2024-11-07
208,2024-11-20
208,2024-11-20
208,2024-11-22
208,2024-11-26
208,2024-11-26
208,2024-11-30
208,2024-12-17
208,2024-12-23
208,2024-12-26
209,2024-02-10
209,2024-02-27
209,2024-03-17
209,2024-04-02
209,2024-04-08
209,2024-04-14
209,2024-04-16
209,2024-04-17
209,2024-04-28
209,2024-05-30
209,2024-06-12
209,2024-07-14
209,2024-07-15
209,2024-08-24
209,2024-08-29
209,2024-09-04
209,2024-09-19
209,2024-09-25
209,2024-10-08
209,2024-10-16
209,2024-10-16
209,2024-10-16
209,2024-10-22
209,2024-10-29
209,2024-11-08
209,2024-11-09
209,2024-11-14
209,2024-11-19
209,2024-11-20
209,2024-11-30
209,2024-12-03
209,2024-12-06
209,2024-12-07
209,2024-12-09
209,2024-12-10
210,2024-01-18
210,2024-01-23
210,2024-01-31
210,2024-02-16
210,2024-02-27
210,2024-03-09
210,2024-03-31
210,2024-04-14
210,2024-04-19
210,2024-04-28
210,2024-05-01
210,2024-05-02
210,2024-05-29
210,2024-06-27
210,2024-07-02
210,2024-07-02
210,2024-07-09
210,2024-07-17
210,2024-07-23
210,2024-07-28
210,2024-07-28
210,2024-07-31
210,2024-07-31
210,2024-08-19
210,2024-08-23
210,2024-08-26
210,2024-09-03
210,2024-10-02
210,2024-10-11
210,2024-10-18
210,2024-10-22
210,2024-10-22
210,2024-10-25
210,2024-10-31
210,2024-11-30
210,2024-12-01
210,2024-12-08
210,2024-12-17
210,2024-12-19
210,2024-12-21
210,2024-12-26
211,2024-01-02
211,2024-01-10
211,2024-01-20
211,2024-02-14
211,2024-04-06
211,2024-05-04
211,2024-05-27
211,2024-06-20
211,2024-06-25
211,2024-07-30
211,2024-08-04
211,2024-08-08
211,2024-08-30
211,2024-09-10
211,2024-09-19
211,2024-09-21
211,2024-09-28
211,2024-10-24
211,2024-10-27
211,2024-11-05
211,2024-11-16
211,2024-12-29
212,2024-03-07
212,2024-03-27
212,2024-04-25
212,2024-05-03
212,2024-05-22
212,2024-07-23
212,2024-08-03
212,2024-08-06
212,2024-09-20
212,2024-10-16
212,2024-10-28
212,2024-11-27
212,2024-12-01
212,2024-12-01
212,2024-12-06
212,2024-12-13
212,2024-12-16
213,2024-01-03
213,2024-01-19
213,2024-02-15
213,2024-03-08
213,2024-04-03
213,2024-04-19
213,2024-05-08
213,2024-06-06
213,2024-07-08
213,2024-07-09
213,2024-07-16
213,2024-07-20
213,2024-08-05
213,2024-08-06
213,2024-08-17
213,2024-09-01
213,2024-12-27
214,2024-01-08
214,2024-02-26
214,2024-03-06
214,2024-04-03
214,2024-04-15
214,2024-05-08
214,2024-05-27
214,2024-08-05
214,2024-09-08
214,2024-09-15
214,2024-09-23
214,2024-10-21
214,2024-10-24
214,2024-10-30
214,2024-10-30
214,2024-11-08
214,2024-11-19
214,2024-11-21
214,2024-11-26
214,2024-12-04
214,2024-12-05
214,2024-12-14
215,2024-03-27
215,2024-04-22
215,2024-05-08
215,2024-05-15
215,2024-05-29
215,2024-05-29
215,2024-05-31
215,2024-06-11
215,2024-06-12
215,2024-06-30
215,2024-07-21
215,2024-07-27
215,2024-07-30
215,2024-08-03
215,2024-08-29
215,2024-10-19
215,2024-10-20
215,2024-11-06
215,2024-11-07
215,2024-11-19
215,2024-11-22
216,2024-01-06
216,2024-01-09
216,2024-02-17
216,2024-03-06
216,2024-03-08
216,2024-04-09
216,2024-04-24
216,2024-04-30
216,2024-04-30
216,2024-05-05
216,2024-05-31
216,2024-06-05
216,2024-06-06
216,2024-07-03
216,2024-07-06
216,2024-07-18
216,2024-07-24
216,2024-09-19
216,2024-10-03
216,2024-10-06
216,2024-10-12
216,2024-10-20
216,2024-10-22
216,2024-10-24
216,2024-10-29
216,2024-10-29
216,2024-11-20
216,2024-11-24
216,2024-12-01
216,2024-12-06
216,2024-12-07
216,2024-12-18
216,2024-12-19
217,2024-01-27
217,2024-02-06
217,2024-02-17
217,2024-03-22
217,2024-04-08
217,2024-04-27
217,2024-05-21
217,2024-05-28
217,2024-06-05
217,2024-06-06
217,2024-06-19
217,2024-06-21
217,2024-07-30
217,2024-08-04
217,2024-08-10
217,2024-08-24
217,2024-08-27
217,2024-08-29
217,2024-09-05
217,2024-09-11
217,2024-09-21
217,2024-10-09
217,2024-10-14
217,2024-10-26
217,2024-11-17
217,2024-12-15
217,2024-12-25
218,2024-01-29
218,2024-04-01
218,2024-06-05
218,2024-06-24
218,2024-07-02
218,2024-07-27
218,2024-08-10
218,2024-09-13
218,2024-10-29
218,2024-12-24
219,2024-01-06
219,2024-03-02
219,2024-03-31
219,2024-04-13
219,2024-05-09
219,2024-05-16
219,2024-07-21
219,2024-08-17
219,2024-08-17
219,2024-08-19
219,2024-08-26
219,2024-08-26
219,2024-10-07
219,2024-10-08
219,2024-10-12
219,2024-10-23
219,2024-10-30
219,2024-11-14
219,2024-11-20
219,2024-11-29
219,2024-12-14
220,2024-01-10
220,2024-01-31
220,2024-02-08
220,2024-02-20
220,2024-03-05
220,2024-04-02
220,2024-05-22
220,2024-05-24
220,2024-07-18
220,2024-08-05
220,2024-08-13
220,2024-08-18
220,2024-08-19
220,2024-08-20
220,2024-08-22
220,2024-09-02
220,2024-09-14
220,2024-09-29
220,2024-10-01
220,2024-10-10
220,2024-10-11
220,2024-10-20
220,2024-10-20
220,2024-10-21
220,2024-10-23
220,2024-10-29
220,2024-10-29
220,2024-10-31
220,2024-11-14
220,2024-11-16
220,2024-11-21
220,2024-11-27
220,2024-12-05
220,2024-12-11
220,2024-12-13
220,2024-12-17
220,2024-12-19
221,2024-01-14
221,2024-03-19
221,2024-04-25
221,2024-04-30
221,2024-05-03
221,2024-05-15
221,2024-05-31
221,2024-06-05
221,2024-06-15
221,2024-06-21
221,2024-06-22
221,2024-07-01
221,2024-07-02
221,2024-07-04
221,2024-07-15
221,2024-07-25
221,2024-08-11
221,2024-08-18
221,2024-08-18
221,2024-08-28
221,2024-09-07
221,2024-09-11
221,2024-09-24
221,2024-09-28
221,2024-10-10
221,2024-10-13
221,2024-10-22
221,2024-10-24
221,2024-11-07
221,2024-11-09
221,2024-11-13
221,2024-11-24
221,2024-12-02
221,2024-12-19
221,2024-12-22
222,2024-01-07
222,2024-04-24
222,2024-04-27
222,2024-05-05
222,2024-06-01
222,2024-09-01
222,2024-09-01
222,2024-09-16
222,2024-09-20
222,2024-09-25
222,2024-09-25
222,2024-10-21
222,2024-10-29
222,2024-11-01
222,2024-11-06
222,2024-11-07
222,2024-11-15
222,2024-11-24
222,2024-11-29
222,2024-12-22
223,2024-01-02
223,2024-01-03
223,2024-02-01
223,2024-03-29
223,2024-04-16
223,2024-05-01
223,2024-05-10
223,2024-05-23
223,2024-06-22
223,2024-06-28
223,2024-06-28
223,2024-07-11
223,2024-07-19
223,2024-07-24
223,2024-07-27
223,2024-08-09
223,2024-08-30
223,2024-08-31
223,2024-09-04
223,2024-09-12
223,2024-09-15
223,2024-09-24
223,2024-10-02
223,2024-10-03
223,2024-10-05
223,2024-10-06
223,2024-10-07
223,2024-10-18
223,2024-10-26
223,2024-10-29
223,2024-11-06
223,2024-11-13
223,2024-11-24
223,2024-11-28
223,2024-12-13
223,2024-12-14
223,2024-12-30
224,2024-02-07
224,2024-02-07
224,2024-02-20
224,2024-03-08
224,2024-04-01
224,2024-05-05
224,2024-06-02
224,2024-06-09
224,2024-06-15
224,2024-06-29
224,2024-07-18
224,2024-07-23
224,2024-08-23
224,2024-08-28
224,2024-09-13
224,2024-09-19
224,2024-09-24
224,2024-09-30
224,2024-10-02
224,2024-10-07
224,2024-10-09
224,2024-10-19
224,2024-10-26
224,2024-10-29
224,2024-11-01
224,2024-12-03
224,2024-12-20
224,2024-12-24
225,2024-01-02
225,2024-02-09
225,2024-02-16
225,2024-04-16
225,2024-05-08
225,2024-05-10
225,2024-06-10
225,2024-06-26
225,2024-08-04
225,2024-08-08
225,2024-08-20
225,2024-09-18
225,2024-10-13
225,2024-10-29
225,2024-11-22
225,2024-12-21
225,2024-12-29
226,2024-01-18
226,2024-02-15
226,2024-04-21
226,2024-06-01
226,2024-06-01
226,2024-06-20
226,2024-06-24
226,2024-09-12
226,2024-11-01
226,2024-11-18
226,2024-12-02
227,2024-02-07
227,2024-03-29
227,2024-04-01
227,2024-05-08
227,2024-06-15
227,2024-06-23
227,2024-06-25
227,2024-07-28
227,2024-08-24
227,2024-08-28
227,2024-10-28
227,2024-12-14
227,2024-12-29
227,2024-12-30
228,2024-02-10
228,2024-02-24
228,2024-07-29
228,2024-09-08
228,2024-09-14
228,2024-10-09
228,2024-10-16
228,2024-11-04
228,2024-11-23
228,2024-11-23
228,2024-12-05
229,2024-01-02
229,2024-01-02
229,2024-05-13
229,2024-06-20
229,2024-06-24
229,2024-08-17
229,2024-08-28
229,2024-09-02
229,2024-09-04
229,2024-09-09
229,2024-09-14
229,2024-09-18
229,2024-09-20
229,2024-10-10
229,2024-10-12
229,2024-10-20
229,2024-10-27
229,2024-10-31
229,2024-11-04
229,2024-11-06
229,2024-11-06
229,2024-11-07
229,2024-11-07
229,2024-11-10
229,2024-11-25
229,2024-12-07
229,2024-12-19
229,2024-12-28
230,2024-01-11
230,2024-02-08
230,2024-02-11
230,2024-02-25
230,2024-03-15
230,2024-04-03
230,2024-04-05
230,2024-04-18
230,2024-05-25
230,2024-05-27
230,2024-06-23
230,2024-06-30
230,2024-06-30
230,2024-07-03
230,2024-07-13
230,2024-07-28
230,2024-08-31
230,2024-09-18
230,2024-10-13
230,2024-10-17
230,2024-10-27
230,2024-11-17
230,2024-11-23
230,2024-12-23
231,2024-01-10
231,2024-01-10
231,2024-02-10
231,2024-02-20
231,2024-03-02
231,2024-03-06
231,2024-03-09
231,2024-03-22
231,2024-04-02
231,2024-04-09
231,2024-04-22
231,2024-05-04
231,2024-05-19
231,2024-05-22
231,2024-05-27
231,2024-06-08
231,2024-06-18
231,2024-07-23
231,2024-08-23
231,2024-11-26
231,2024-12-18
231,2024-12-19
232,2024-01-07
232,2024-01-22
232,2024-01-29
232,2024-02-01
232,2024-02-23
232,2024-02-26
232,2024-03-03
232,2024-03-05
232,2024-03-06
232,2024-04-03
232,2024-04-13
232,2024-05-19
232,2024-05-20
232,2024-07-03
232,2024-08-20
232,2024-08-29
232,2024-09-12
232,2024-10-09
232,2024-10-20
232,2024-10-21
232,2024-10-24
232,2024-10-27
232,2024-10-31
232,2024-11-13
232,2024-11-30
232,2024-11-30
232,2024-12-29
233,2024-01-04
233,2024-01-20
233,2024-01-21
233,2024-02-27
233,2024-03-13
233,2024-03-30
233,2024-04-26
233,2024-05-30
233,2024-07-01
233,2024-07-02
233,2024-07-04
233,2024-07-05
233,2024-08-06
233,2024-09-02
233,2024-09-25
233,2024-09-30
233,2024-10-23
233,2024-11-01
233,2024-11-18
233,2024-11-23
233,2024-12-03
233,2024-12-21
234,2024-01-13
234,2024-03-31
234,2024-04-27
234,2024-05-18
234,2024-07-07
234,2024-07-17
234,2024-08-02
234,2024-08-05
234,2024-09-10
234,2024-10-03
234,2024-10-20
234,2024-10-21
235,2024-01-15
235,2024-02-11
235,2024-02-23
235,2024-04-07
235,2024-06-01
235,2024-06-25
235,2024-07-08
235,2024-07-24
235,2024-08-15
235,2024-08-17
235,2024-09-06
235,2024-09-20
235,2024-10-02
235,2024-10-27
235,2024-10-28
235,2024-10-31
235,2024-11-15
235,2024-12-04
235,2024-12-06
235,2024-12-18
235,2024-12-18
235,2024-12-19
235,2024-12-23
235,2024-12-28
236,2024-01-18
236,2024-01-30
236,2024-02-01
236,2024-03-15
236,2024-04-19
236,2024-05-01
236,2024-05-05
236,2024-05-16
236,2024-05-17
236,2024-06-04
236,2024-06-07
236,2024-06-08
236,2024-06-23
236,2024-06-26
236,2024-07-03
236,2024-07-08
236,2024-07-28
236,2024-08-22
236,2024-11-13
236,2024-11-28
236,2024-12-29
237,2024-01-19
237,2024-01-23
237,2024-03-05
237,2024-03-05
237,2024-03-21
237,2024-03-24
237,2024-04-10
237,2024-04-13
237,2024-04-19
237,2024-05-09
237,2024-05-17
237,2024-05-22
237,2024-05-31
237,2024-06-21
237,2024-06-26
237,2024-07-09
237,2024-07-17
237,2024-07-24
237,2024-07-24
237,2024-08-06
237,2024-08-07
237,2024-08-13
237,2024-08-17
237,2024-08-30
237,2024-09-12
237,2024-10-01
237,2024-10-07
237,2024-10-12
237,2024-10-15
237,2024-10-25
237,2024-10-27
237,2024-10-30
237,2024-11-03
237,2024-11-05
237,2024-11-15
237,2024-12-03
237,2024-12-03
237,2024-12-28
238,2024-01-10
238,2024-02-11
238,2024-02-19
238,2024-02-22
238,2024-03-20
238,2024-04-11
238,2024-05-17
238,2024-05-31
238,2024-06-17
238,2024-06-27
238,2024-07-06
238,2024-08-03
238,2024-08-06
238,2024-08-24
238,2024-08-29
238,2024-10-11
238,2024-10-17
238,2024-10-20
238,2024-10-20
238,2024-10-20
238,2024-11-11
238,2024-11-19
238,2024-12-24
239,2024-01-16
239,2024-02-15
239,2024-02-24
239,2024-03-01
239,2024-03-25
239,2024-04-01
239,2024-04-07
239,2024-04-25
239,2024-04-29
239,2024-05-08
239,2024-06-05
239,2024-06-09
239,2024-06-26
239,2024-07-08
239,2024-07-12
239,2024-07-23
239,2024-08-08
239,2024-08-16
239,2024-08-20
239,2024-08-24
239,2024-08-26
239,2024-08-27
239,2024-09-17
239,2024-10-10
239,2024-10-12
239,2024-10-24
239,2024-11-27
239,2024-11-29
239,2024-12-03
239,2024-12-04
239,2024-12-10
239,2024-12-12
239,2024-12-28
240,2024-01-02
240,2024-01-11
240,2024-02-12
240,2024-02-28
240,2024-03-10
240,2024-03-22
240,2024-04-17
240,2024-05-19
240,2024-06-08
240,2024-06-15
240,2024-06-25
240,2024-07-22
240,2024-08-07
240,2024-09-06
240,2024-10-11
240,2024-10-23
240,2024-11-02
240,2024-11-26
241,2024-03-01
241,2024-03-29
241,2024-08-06
241,2024-10-28
241,2024-12-05
241,2024-12-08
241,2024-12-11
241,2024-12-16
242,2024-02-16
242,2024-02-20
242,2024-03-17
242,2024-04-23
242,2024-05-04
242,2024-05-07
242,2024-05-19
242,2024-05-20
242,2024-05-24
242,2024-05-30
242,2024-06-05
242,2024-06-18
242,2024-06-28
242,2024-07-10
242,2024-07-16
242,2024-08-06
242,2024-09-12
242,2024-09-19
242,2024-09-30
242,2024-10-31
242,2024-11-28
242,2024-12-04
242,2024-12-17
242,2024-12-20
242,2024-12-26
242,2024-12-27
243,2024-02-25
243,2024-04-20
243,2024-04-20
243,2024-05-15
243,2024-05-26
243,2024-05-26
243,2024-06-04
243,2024-06-09
243,2024-07-01
243,2024-07-01
243,2024-07-20
243,2024-07-22
243,2024-08-16
243,2024-08-18
243,2024-08-18
243,2024-08-22
243,2024-08-22
243,2024-09-01
243,2024-09-04
243,2024-09-19
243,2024-10-10
243,2024-10-15
243,2024-10-19
243,2024-10-25
243,2024-11-27
243,2024-11-28
243,2024-12-04
243,2024-12-08
243,2024-12-17
243,2024-12-23
243,2024-12-29
244,2024-01-03
244,2024-01-30
244,2024-02-07
244,2024-02-28
244,2024-02-29
244,2024-03-09
244,2024-04-21
244,2024-05-17
244,2024-05-19
244,2024-05-27
244,2024-07-04
244,2024-07-05
244,2024-07-07
244,2024-07-29
244,2024-07-31
244,2024-08-05
244,2024-08-20
244,2024-08-21
244,2024-08-27
244,2024-08-28
244,2024-09-14
244,2024-09-24
244,2024-09-25
244,2024-11-24
244,2024-11-25
244,2024-12-02
244,2024-12-04
244,2024-12-10
245,2024-01-18
245,2024-02-12
245,2024-03-10
245,2024-04-06
245,2024-04-24
245,2024-05-11
245,2024-05-12
245,2024-05-14
245,2024-06-07
245,2024-06-19
245,2024-07-03
245,2024-07-12
245,2024-07-31
245,2024-08-12
245,2024-09-02
245,2024-09-08
245,2024-09-12
245,2024-10-07
245,2024-10-11
245,2024-10-25
245,2024-10-29
245,2024-11-09
245,2024-11-12
245,2024-11-29
245,2024-12-04
246,2024-01-14
246,2024-01-21
246,2024-01-22
246,2024-03-09
246,2024-04-21
246,2024-07-16
246,2024-07-17
246,2024-07-24
246,2024-07-30
246,2024-08-22
246,2024-09-03
246,2024-09-07
246,2024-09-13
246,2024-09-25
246,2024-10-07
246,2024-10-10
246,2024-10-13
246,2024-10-13
246,2024-10-14
246,2024-10-15
246,2024-10-17
246,2024-10-18
246,2024-10-19
246,2024-10-28
246,2024-11-07
246,2024-11-11
246,2024-11-18
246,2024-11-23
246,2024-12-14
246,2024-12-27
247,2024-03-22
247,2024-04-19
247,2024-05-09
247,2024-05-17
247,2024-05-28
247,2024-05-30
247,2024-06-28
247,2024-06-29
247,2024-06-30
247,2024-07-08
247,2024-07-12
247,2024-07-12
247,2024-07-13
247,2024-07-13
247,2024-07-14
247,2024-08-28
247,2024-09-21
247,2024-09-22
247,2024-09-23
247,2024-09-25
247,2024-09-26
247,2024-10-05
247,2024-10-05
247,2024-10-05
247,2024-10-08
247,2024-10-12
247,2024-10-14
247,2024-10-18
247,2024-11-10
247,2024-11-11
247,2024-11-17
247,2024-11-19
247,2024-11-21
247,2024-11-22
247,2024-12-14
247,2024-12-14
247,2024-12-19
247,2024-12-22
247,2024-12-29
248,2024-01-26
248,2024-06-11
248,2024-07-20
248,2024-07-30
248,2024-08-20
248,2024-09-06
248,2024-09-13
248,2024-10-13
248,2024-10-18
248,2024-10-23
248,2024-10-24
248,2024-10-27
248,2024-11-11
248,2024-11-27
248,2024-12-08
248,2024-12-19
249,2024-02-06
249,2024-02-09
249,2024-02-11
249,2024-02-12
249,2024-03-17
249,2024-03-28
249,2024-08-24
249,2024-08-31
249,2024-09-04
249,2024-09-15
249,2024-09-23
249,2024-09-26
249,2024-10-16
249,2024-10-31
249,2024-11-13
249,2024-11-14
249,2024-11-21
249,2024-11-25
249,2024-12-16
249,2024-12-20
249,2024-12-28
250,2024-03-19
250,2024-06-01
250,2024-06-04
250,2024-09-12
250,2024-09-21
250,2024-10-24
250,2024-11-06
250,2024-12-04
250,2024-12-14
250,2024-12-17
251,2024-01-08
251,2024-01-17
251,2024-02-14
251,2024-04-12
251,2024-05-27
251,2024-10-17
251,2024-10-22
251,2024-10-29
251,2024-11-08
251,2024-11-16
251,2024-12-09
251,2024-12-21
251,2024-12-26
251,2024-12-28
252,2024-02-27
252,2024-03-07
252,2024-03-09
252,2024-03-19
252,2024-04-12
252,2024-05-06
252,2024-05-28
252,2024-06-12
252,2024-06-23
252,2024-07-06
252,2024-07-17
252,2024-08-11
252,2024-09-12
252,2024-09-12
252,2024-10-18
252,2024-11-21
253,2024-04-27
253,2024-09-05
253,2024-11-12
253,2024-12-19
253,2024-12-25
254,2024-02-23
254,2024-03-23
254,2024-03-25
254,2024-05-26
254,2024-05-31
254,2024-07-28
254,2024-08-07
254,2024-08-12
254,2024-08-14
254,2024-08-29
254,2024-09-07
254,2024-09-09
254,2024-09-12
254,2024-09-13
254,2024-09-24
254,2024-09-29
254,2024-09-30
254,2024-10-23
254,2024-11-11
254,2024-12-02
254,2024-12-04
254,2024-12-20
255,2024-01-15
255,2024-01-17
255,2024-01-21
255,2024-02-10
255,2024-02-23
255,2024-02-26
255,2024-02-29
255,2024-03-07
255,2024-03-14
255,2024-04-11
255,2024-04-20
255,2024-05-07
255,2024-06-12
255,2024-06-12
255,2024-06-22
255,2024-06-24
255,2024-07-16
255,2024-07-19
255,2024-07-25
255,2024-07-27
255,2024-08-05
255,2024-08-09
255,2024-08-15
255,2024-09-11
255,2024-09-14
255,2024-09-21
255,2024-09-26
255,2024-09-28
255,2024-10-17
255,2024-11-06
255,2024-11-13
255,2024-11-13
255,2024-12-03
256,2024-01-16
256,2024-02-21
256,2024-03-29
256,2024-04-09
256,2024-04-29
256,2024-05-01
256,2024-05-02
256,2024-05-12
256,2024-05-28
256,2024-06-05
256,2024-06-09
256,2024-07-20
256,2024-07-21
256,2024-07-25
256,2024-07-26
256,2024-08-01
256,2024-08-11
256,2024-09-06
256,2024-09-06
256,2024-10-01
256,2024-11-04
256,2024-11-05
256,2024-11-20
256,2024-11-27
257,2024-01-14
257,2024-02-03
257,2024-05-03
257,2024-06-20
257,2024-06-22
257,2024-07-15
257,2024-07-25
257,2024-08-03
257,2024-08-06
257,2024-08-13
257,2024-08-19
257,2024-09-05
257,2024-09-09
257,2024-10-01
257,2024-10-14
257,2024-10-15
257,2024-10-18
257,2024-11-12
257,2024-11-15
257,2024-11-28
257,2024-12-17
257,2024-12-26
257,2024-12-29
258,2024-01-01
258,2024-01-25
258,2024-02-04
258,2024-02-12
258,2024-02-19
258,2024-03-30
258,2024-04-03
258,2024-04-09
258,2024-04-16
258,2024-05-07
258,2024-06-22
258,2024-07-13
258,2024-08-05
258,2024-08-16
258,2024-08-27
258,2024-09-18
258,2024-10-10
258,2024-10-18
258,2024-10-25
258,2024-11-05
258,2024-11-10
258,2024-12-06
258,2024-12-12
258,2024-12-16
259,2024-01-20
259,2024-01-26
259,2024-03-24
259,2024-03-29
259,2024-04-10
259,2024-05-05
259,2024-07-11
259,2024-09-11
259,2024-09-30
259,2024-11-10
259,2024-11-10
259,2024-11-14
259,2024-11-17
259,2024-11-18
260,2024-01-05
260,2024-01-06
260,2024-02-26
260,2024-05-17
260,2024-06-22
260,2024-06-28
260,2024-07-27
260,2024-08-04
260,2024-08-14
260,2024-09-10
260,2024-09-23
260,2024-09-27
260,2024-10-15
260,2024-11-14
260,2024-11-16
260,2024-11-20
260,2024-12-12
261,2024-01-13
261,2024-01-14
261,2024-02-06
261,2024-03-04
261,2024-03-04
261,2024-03-27
261,2024-04-06
261,2024-04-10
261,2024-04-19
261,2024-05-19
261,2024-05-22
261,2024-05-26
261,2024-06-10
261,2024-06-14
261,2024-07-19
261,2024-07-24
261,2024-07-28
261,2024-09-14
261,2024-10-17
261,2024-10-29
261,2024-12-03
261,2024-12-06
262,2024-01-25
262,2024-03-05
262,2024-04-27
262,2024-05-19
262,2024-07-19
262,2024-08-02
262,2024-08-07
262,2024-11-18
262,2024-11-27
262,2024-12-04
262,2024-12-20
263,2024-01-01
263,2024-02-26
263,2024-03-09
263,2024-03-27
263,2024-04-23
263,2024-05-08
263,2024-05-24
263,2024-06-03
263,2024-07-06
263,2024-07-07
263,2024-07-07
263,2024-07-19
263,2024-07-27
263,2024-08-15
263,2024-08-25
263,2024-09-01
263,2024-09-03
263,2024-09-04
263,2024-09-12
263,2024-09-13
263,2024-09-15
263,2024-09-16
263,2024-09-18
263,2024-09-19
263,2024-09-30
263,2024-10-12
263,2024-10-16
263,2024-10-19
263,2024-11-14
263,2024-11-27
263,2024-12-20
263,2024-12-21
264,2024-01-01
264,2024-03-09
264,2024-03-17
264,2024-04-06
264,2024-06-18
264,2024-06-21
264,2024-08-30
264,2024-11-18
264,2024-11-22
264,2024-11-22
264,2024-11-29
264,2024-12-04
265,2024-01-18
265,2024-04-19
265,2024-04-27
265,2024-04-28
265,2024-05-01
265,2024-06-01
265,2024-06-01
265,2024-06-18
265,2024-08-14
265,2024-08-21
265,2024-09-06
265,2024-09-08
265,2024-09-24
265,2024-10-04
265,2024-10-06
265,2024-10-09
265,2024-11-14
265,2024-11-20
265,2024-12-08
265,2024-12-19
265,2024-12-28
266,2024-02-19
266,2024-03-01
266,2024-04-04
266,2024-04-08
266,2024-07-04
266,2024-07-15
266,2024-07-16
266,2024-07-24
266,2024-07-29
266,2024-07-31
266,2024-09-07
266,2024-09-10
266,2024-09-23
266,2024-10-07
266,2024-10-18
266,2024-11-16
266,2024-11-17
266,2024-11-24
266,2024-12-07
266,2024-12-15
267,2024-01-07
267,2024-02-09
267,2024-02-21
267,2024-03-10
267,2024-03-24
267,2024-03-24
267,2024-04-23
267,2024-05-14
267,2024-05-22
267,2024-06-03
267,2024-06-05
267,2024-07-09
267,2024-07-27
267,2024-10-04
267,2024-10-10
267,2024-10-11
267,2024-10-31
267,2024-11-14
268,2024-01-02
268,2024-01-21
268,2024-01-28
268,2024-02-21
268,2024-02-27
268,2024-02-28
268,2024-03-17
268,2024-03-21
268,2024-05-12
268,2024-05-18
268,2024-07-12
268,2024-07-27
268,2024-08-03
268,2024-08-24
268,2024-08-27
268,2024-09-21
268,2024-09-23
268,2024-09-27
268,2024-10-08
268,2024-10-29
268,2024-12-09
269,2024-01-04
269,2024-01-29
269,2024-02-12
269,2024-04-11
269,2024-04-25
269,2024-05-03
269,2024-05-14
269,2024-05-27
269,2024-06-17
269,2024-07-13
269,2024-07-21
269,2024-08-20
269,2024-08-24
269,2024-09-04
269,2024-09-11
269,2024-10-24
269,2024-10-31
269,2024-11-04
269,2024-11-25
269,2024-12-18
270,2024-01-15
270,2024-01-27
270,2024-03-06
270,2024-04-05
270,2024-04-21
270,2024-05-01
270,2024-07-06
270,2024-07-17
270,2024-07-26
270,2024-08-02
270,2024-08-23
270,2024-08-24
270,2024-09-12
270,2024-10-11
270,2024-10-25
270,2024-10-26
270,2024-10-30
270,2024-10-30
270,2024-11-15
270,2024-11-20
270,2024-12-06
270,2024-12-28
270,2024-12-29
271,2024-02-24
271,2024-03-12
271,2024-04-01
271,2024-04-12
271,2024-05-08
271,2024-06-22
271,2024-07-11
271,2024-07-13
271,2024-10-11
271,2024-10-11
271,2024-10-14
271,2024-10-18
271,2024-10-31
271,2024-12-07
271,2024-12-09
271,2024-12-13
271,2024-12-16
271,2024-12-21
272,2024-02-27
272,2024-03-30
272,2024-04-24
272,2024-04-29
272,2024-05-22
272,2024-06-21
272,2024-06-27
272,2024-08-18
272,2024-08-24
272,2024-09-10
272,2024-09-16
272,2024-09-24
272,2024-11-10
272,2024-12-08
272,2024-12-12
272,2024-12-18
272,2024-12-20
272,2024-12-23
272,2024-12-25
273,2024-01-07
273,2024-01-10
273,2024-01-13
273,2024-01-24
273,2024-01-26
273,2024-03-14
273,2024-03-29
273,2024-04-03
273,2024-04-03
273,2024-04-19
273,2024-04-21
273,2024-04-29
273,2024-04-30
273,2024-05-20
273,2024-05-25
273,2024-06-04
273,2024-07-23
273,2024-07-31
273,2024-08-04
273,2024-08-15
273,2024-08-24
273,2024-09-21
273,2024-09-23
273,2024-12-01
273,2024-12-10
274,2024-02-12
274,2024-05-30
274,2024-06-23
274,2024-07-01
274,2024-07-29
274,2024-08-05
274,2024-09-27
274,2024-10-08
274,2024-10-12
274,2024-10-13
274,2024-11-13
274,2024-11-22
274,2024-12-03
274,2024-12-03
274,2024-12-16
275,2024-01-04
275,2024-01-04
275,2024-02-06
275,2024-03-30
275,2024-04-22
275,2024-04-29
275,2024-05-26
275,2024-07-31
275,2024-08-06
275,2024-08-08
275,2024-08-17
275,2024-08-20
275,2024-09-08
275,2024-09-09
275,2024-09-20
275,2024-09-23
275,2024-10-14
275,2024-10-18
275,2024-11-02
275,2024-11-03
275,2024-11-14
275,2024-11-17
275,2024-11-22
275,2024-11-28
275,2024-12-15
275,2024-12-15
275,2024-12-20
276,2024-02-14
276,2024-04-21
276,2024-05-17
276,2024-05-25
276,2024-06-06
276,2024-06-08
276,2024-06-16
276,2024-06-16
276,2024-06-19
276,2024-06-26
276,2024-06-30
276,2024-07-01
276,2024-07-04
276,2024-07-04
276,2024-07-05
276,2024-07-13
276,2024-08-08
276,2024-08-10
276,2024-08-21
276,2024-09-23
276,2024-09-30
276,2024-10-08
276,2024-10-12
276,2024-10-16
276,2024-10-18
276,2024-10-28
276,2024-11-03
276,2024-11-15
276,2024-11-16
276,2024-11-27
276,2024-11-29
276,2024-12-02
276,2024-12-03
276,2024-12-05
276,2024-12-11
276,2024-12-11
276,2024-12-17
276,2024-12-19
276,2024-12-23
276,2024-12-29
277,2024-02-24
277,2024-02-26
277,2024-05-21
277,2024-06-18
277,2024-06-30
277,2024-07-03
277,2024-08-15
277,2024-08-17
277,2024-08-23
277,2024-08-30
277,2024-09-06
277,2024-09-08
277,2024-09-25
277,2024-09-28
277,2024-12-02
277,2024-12-29
278,2024-01-21
278,2024-03-02
278,2024-03-21
278,2024-04-02
278,2024-04-21
278,2024-05-29
278,2024-07-01
278,2024-07-14
278,2024-08-22
278,2024-09-24
278,2024-09-27
278,2024-10-26
279,2024-01-19
279,2024-02-13
279,2024-02-17
279,2024-03-15
279,2024-03-29
279,2024-04-05
279,2024-05-15
279,2024-05-17
279,2024-05-27
279,2024-05-30
279,2024-06-22
279,2024-06-28
279,2024-07-14
279,2024-07-19
279,2024-07-24
279,2024-07-28
279,2024-07-31
279,2024-08-06
279,2024-08-19
279,2024-08-22
279,2024-09-08
279,2024-09-15
279,2024-09-22
279,2024-11-02
279,2024-11-23
279,2024-11-24
279,2024-12-04
279,2024-12-07
279,2024-12-15
279,2024-12-20
280,2024-01-30
280,2024-02-02
280,2024-03-12
280,2024-04-25
280,2024-05-16
280,2024-06-06
280,2024-06-20
280,2024-06-25
280,2024-08-12
280,2024-09-17
280,2024-09-19
280,2024-09-23
280,2024-10-18
280,2024-10-23
280,2024-12-17
281,2024-02-08
281,2024-02-10
281,2024-03-11
281,2024-11-08
281,2024-11-13
281,2024-11-22
281,2024-11-23
281,2024-11-26
281,2024-12-04
281,2024-12-17
281,2024-12-17
282,2024-02-12
282,2024-02-21
282,2024-03-25
282,2024-04-02
282,2024-04-21
282,2024-05-06
282,2024-06-07
282,2024-06-07
282,2024-06-10
282,2024-06-24
282,2024-07-26
282,2024-09-04
282,2024-09-04
282,2024-09-10
282,2024-09-13
282,2024-09-27
282,2024-10-04
282,2024-10-13
282,2024-10-14
282,2024-11-28
282,2024-12-27
283,2024-04-18
283,2024-04-27
283,2024-05-23
283,2024-05-27
283,2024-06-07
283,2024-07-14
283,2024-08-07
283,2024-09-08
283,2024-09-25
283,2024-10-14
283,2024-12-17
284,2024-02-22
284,2024-03-12
284,2024-03-29
284,2024-04-05
284,2024-05-06
284,2024-07-01
284,2024-08-03
284,2024-08-20
284,2024-08-29
284,2024-09-07
284,2024-09-13
284,2024-10-05
284,2024-10-09
284,2024-10-26
284,2024-11-01
284,2024-11-10
284,2024-11-12
284,2024-11-12
284,2024-12-12
285,2024-01-13
285,2024-01-20
285,2024-03-08
285,2024-03-19
285,2024-05-12
285,2024-06-30
286,2024-01-10
286,2024-01-10
286,2024-01-20
286,2024-01-25
286,2024-02-21
286,2024-03-02
286,2024-03-12
286,2024-03-29
286,2024-04-02
286,2024-05-07
286,2024-05-07
286,2024-05-10
286,2024-05-31
286,2024-06-03
286,2024-06-07
286,2024-07-02
286,2024-07-02
286,2024-07-11
286,2024-07-31
286,2024-08-02
286,2024-08-04
286,2024-08-05
286,2024-08-05
286,2024-08-11
286,2024-08-20
286,2024-09-04
286,2024-09-08
286,2024-09-08
286,2024-09-15
286,2024-10-12
286,2024-10-18
286,2024-10-21
286,2024-11-03
286,2024-11-08
286,2024-11-08
286,2024-11-14
286,2024-11-23
286,2024-11-25
286,2024-12-03
286,2024-12-06
286,2024-12-10
286,2024-12-11
286,2024-12-14
286,2024-12-26
287,2024-01-16
287,2024-01-23
287,2024-03-15
287,2024-03-25
287,2024-05-11
287,2024-05-15
287,2024-06-16
287,2024-06-27
287,2024-06-30
287,2024-07-16
287,2024-07-18
287,2024-07-24
287,2024-08-05
287,2024-08-21
287,2024-08-23
287,2024-08-26
287,2024-09-09
287,2024-09-10
287,2024-09-18
287,2024-09-21
287,2024-09-30
287,2024-10-20
287,2024-10-25
287,2024-10-27
287,2024-11-05
287,2024-11-06
287,2024-11-13
287,2024-11-26
287,2024-11-27
287,2024-12-09
287,2024-12-15
287,2024-12-18
287,2024-12-24
288,2024-01-18
288,2024-02-03
288,2024-02-07
288,2024-03-03
288,2024-03-11
288,2024-04-22
288,2024-04-27
288,2024-04-28
288,2024-05-16
288,2024-05-17
288,2024-05-22
288,2024-06-01
288,2024-06-03
288,2024-06-09
288,2024-06-18
288,2024-06-22
288,2024-06-25
288,2024-07-01
288,2024-07-12
288,2024-07-13
288,2024-07-16
288,2024-07-16
288,2024-07-22
288,2024-07-31
288,2024-07-31
288,2024-08-01
288,2024-08-05
288,2024-08-06
288,2024-08-08
288,2024-08-08
288,2024-08-27
288,2024-09-12
288,2024-09-28
288,2024-09-29
288,2024-10-23
288,2024-11-11
288,2024-11-14
288,2024-11-14
288,2024-11-16
288,2024-11-24
288,2024-12-03
288,2024-12-05
288,2024-12-16
288,2024-12-18
288,2024-12-21
288,2024-12-24
289,2024-01-11
289,2024-01-25
289,2024-02-01
289,2024-04-04
289,2024-04-05
289,2024-04-16
289,2024-04-22
289,2024-04-28
289,2024-05-01
289,2024-05-09
289,2024-05-16
289,2024-05-31
289,2024-06-13
289,2024-06-15
289,2024-06-28
289,2024-07-10
289,2024-07-22
289,2024-08-15
289,2024-09-10
289,2024-09-15
289,2024-10-03
289,2024-10-07
289,2024-10-17
289,2024-11-04
289,2024-11-23
289,2024-11-27
289,2024-12-01
289,2024-12-08
289,2024-12-20
289,2024-12-22
289,2024-12-29
289,2024-12-29
290,2024-01-13
290,2024-01-18
290,2024-01-23
290,2024-01-31
290,2024-02-01
290,2024-02-17
290,2024-04-15
290,2024-06-10
290,2024-06-12
290,2024-06-16
290,2024-08-24
290,2024-09-01
290,2024-09-13
290,2024-09-29
290,2024-10-13
290,2024-11-17
290,2024-11-18
290,2024-11-26
290,2024-12-06
290,2024-12-23
291,2024-02-03
291,2024-03-13
291,2024-03-21
291,2024-04-26
291,2024-04-29
291,2024-05-26
291,2024-06-22
291,2024-07-01
291,2024-07-06
291,2024-07-15
291,2024-07-19
291,2024-08-23
291,2024-09-24
291,2024-10-01
291,2024-11-02
292,2024-01-17
292,2024-02-11
292,2024-02-28
292,2024-03-17
292,2024-04-19
292,2024-05-14
292,2024-05-18
292,2024-05-25
292,2024-06-01
292,2024-06-01
292,2024-06-02
292,2024-06-07
292,2024-06-10
292,2024-06-13
292,2024-07-03
292,2024-07-20
292,2024-07-26
292,2024-08-07
292,2024-08-14
292,2024-08-25
292,2024-08-27
292,2024-10-06
292,2024-10-07
292,2024-11-02
292,2024-11-06
292,2024-11-15
292,2024-11-15
292,2024-11-19
292,2024-11-20
292,2024-11-21
292,2024-11-28
292,2024-11-28
292,2024-12-01
292,2024-12-04
292,2024-12-07
292,2024-12-09
292,2024-12-09
292,2024-12-30
293,2024-01-13
293,2024-02-18
293,2024-03-25
293,2024-04-08
293,2024-05-21
293,2024-06-25
293,2024-07-02
293,2024-07-30
293,2024-09-05
293,2024-09-24
293,2024-10-08
293,2024-10-14
293,2024-10-29
293,2024-11-21
293,2024-11-21
293,2024-11-26
293,2024-12-03
293,2024-12-21
294,2024-02-04
294,2024-02-25
294,2024-04-02
294,2024-04-13
294,2024-04-16
294,2024-05-13
294,2024-05-24
294,2024-06-26
294,2024-07-08
294,2024-07-26
294,2024-08-13
294,2024-08-17
294,2024-08-19
294,2024-08-22
294,2024-10-11
294,2024-10-18
294,2024-10-24
294,2024-11-16
294,2024-12-01
294,2024-12-28
295,2024-01-11
295,2024-02-10
295,2024-04-28
295,2024-05-02
295,2024-05-09
295,2024-05-09
295,2024-05-25
295,2024-06-08
295,2024-06-12
295,2024-06-13
295,2024-07-04
295,2024-07-06
295,2024-08-08
295,2024-08-26
295,2024-08-30
295,2024-09-14
295,2024-09-19
295,2024-10-06
295,2024-10-08
295,2024-10-14
295,2024-10-20
295,2024-10-29
295,2024-11-09
295,2024-12-29
296,2024-01-12
296,2024-01-16
296,2024-03-01
296,2024-03-25
296,2024-03-31
296,2024-04-22
296,2024-05-20
296,2024-07-08
296,2024-07-20
296,2024-09-02
296,2024-09-12
296,2024-11-02
296,2024-11-18
296,2024-11-26
296,2024-11-28
296,2024-12-14
297,2024-02-05
297,2024-02-18
297,2024-02-29
297,2024-03-22
297,2024-04-03
297,2024-04-03
297,2024-04-23
297,2024-04-28
297,2024-05-10
297,2024-06-23
297,2024-06-30
297,2024-08-06
297,2024-08-20
297,2024-09-24
297,2024-10-12
297,2024-10-14
297,2024-10-25
297,2024-11-02
297,2024-11-07
297,2024-11-09
297,2024-12-01
298,2024-01-19
298,2024-02-28
298,2024-04-07
298,2024-04-08
298,2024-04-19
298,2024-04-25
298,2024-06-01
298,2024-06-15
298,2024-08-15
298,2024-08-25
298,2024-08-29
298,2024-09-01
298,2024-09-30
298,2024-10-08
298,2024-10-29
298,2024-11-13
298,2024-12-09
299,2024-02-08
299,2024-02-20
299,2024-02-20
299,2024-02-21
299,2024-03-02
299,2024-05-03
299,2024-05-04
299,2024-05-05
299,2024-05-10
299,2024-07-09
299,2024-07-22
299,2024-08-06
299,2024-08-07
299,2024-09-16
299,2024-09-22
299,2024-09-22
299,2024-10-06
299,2024-11-03
299,2024-11-07
299,2024-12-06
299,2024-12-08
299,2024-12-17
299,2024-12-19
299,2024-12-26
300,2024-01-26
300,2024-02-01
300,2024-02-20
300,2024-02-23
300,2024-03-23
300,2024-03-29
300,2024-04-07
300,2024-04-10
300,2024-04-19
300,2024-05-13
300,2024-05-16
300,2024-06-10
300,2024-08-07
300,2024-08-31
300,2024-10-14
300,2024-10-21
300,2024-10-28
300,2024-11-04
300,2024-11-18
300,2024-12-02
300,2024-12-09
300,2024-12-18
301,2024-02-08
301,2024-02-22
301,2024-03-12
301,2024-03-29
301,2024-05-08
301,2024-05-23
301,2024-07-02
301,2024-07-11
301,2024-08-03
301,2024-08-04
301,2024-08-21
301,2024-10-09
301,2024-10-30
302,2024-01-25
302,2024-02-15
302,2024-03-01
302,2024-03-30
302,2024-04-16
302,2024-04-29
302,2024-06-04
302,2024-06-14
302,2024-08-06
302,2024-10-10
302,2024-10-18
302,2024-10-31
303,2024-01-11
303,2024-01-14
303,2024-01-15
303,2024-04-05
303,2024-05-18
303,2024-06-03
303,2024-06-04
303,2024-06-11
303,2024-07-04
303,2024-07-25
303,2024-07-28
303,2024-09-21
303,2024-10-03
303,2024-10-11
303,2024-12-01
303,2024-12-30
304,2024-01-24
304,2024-01-26
304,2024-01-28
304,2024-03-04
304,2024-03-25
304,2024-03-28
304,2024-04-24
304,2024-04-28
304,2024-04-29
304,2024-05-08
304,2024-06-10
304,2024-07-04
304,2024-07-10
304,2024-08-01
304,2024-09-11
304,2024-09-25
304,2024-09-30
304,2024-10-05
304,2024-11-26
304,2024-12-20
304,2024-12-22
305,2024-02-11
305,2024-02-25
305,2024-05-05
305,2024-05-11
305,2024-05-17
305,2024-06-08
305,2024-07-03
305,2024-08-09
305,2024-08-29
305,2024-09-22
305,2024-10-11
305,2024-12-20
306,2024-01-12
306,2024-03-31
306,2024-06-29
306,2024-07-22
306,2024-09-27
306,2024-11-08
306,2024-11-20
306,2024-11-25
307,2024-01-20
307,2024-01-27
307,2024-04-28
307,2024-05-23
307,2024-06-06
307,2024-06-08
307,2024-06-24
307,2024-07-04
307,2024-07-10
307,2024-07-11
307,2024-07-23
307,2024-07-28
307,2024-08-17
307,2024-09-13
307,2024-09-20
307,2024-10-28
307,2024-10-28
307,2024-11-26
307,2024-12-12
307,2024-12-20
308,2024-01-23
308,2024-01-25
308,2024-03-04
308,2024-03-21
308,2024-03-30
308,2024-03-30
308,2024-04-18
308,2024-04-18
308,2024-06-11
308,2024-06-17
308,2024-07-21
308,2024-07-22
308,2024-08-17
308,2024-08-31
308,2024-10-19
308,2024-11-01
308,2024-11-19
308,2024-11-24
308,2024-11-26
309,2024-03-13
309,2024-03-29
309,2024-04-10
309,2024-04-17
309,2024-05-04
309,2024-05-22
309,2024-06-01
309,2024-06-11
309,2024-06-28
309,2024-07-05
309,2024-07-22
309,2024-07-23
309,2024-07-29
309,2024-08-13
309,2024-08-19
309,2024-08-22
309,2024-08-29
309,2024-09-17
309,2024-09-23
309,2024-09-30
309,2024-10-03
309,2024-10-09
309,2024-10-11
309,2024-10-12
309,2024-10-30
309,2024-11-03
309,2024-11-14
309,2024-12-01
309,2024-12-02
309,2024-12-05
309,2024-12-06
309,2024-12-18
309,2024-12-22
310,2024-04-15
310,2024-05-27
310,2024-06-16
310,2024-07-19
310,2024-08-11
310,2024-09-02
310,2024-09-27
310,2024-12-10
310,2024-12-10
310,2024-12-15
311,2024-02-15
311,2024-03-23
311,2024-03-31
311,2024-04-04
311,2024-04-04
311,2024-05-06
311,2024-06-02
311,2024-06-20
311,2024-06-21
311,2024-06-29
311,2024-09-16
311,2024-09-20
311,2024-10-10
311,2024-10-29
311,2024-11-11
311,2024-11-15
311,2024-12-07
311,2024-12-18
312,2024-02-12
312,2024-03-27
312,2024-04-13
312,2024-04-17
312,2024-04-30
312,2024-04-30
312,2024-05-25
312,2024-05-26
312,2024-06-03
312,2024-06-22
312,2024-07-22
312,2024-08-06
312,2024-09-21
312,2024-11-11
312,2024-11-13
312,2024-11-19
312,2024-11-24
312,2024-12-30
313,2024-01-26
313,2024-02-07
313,2024-02-25
313,2024-02-25
313,2024-04-24
313,2024-04-30
313,2024-05-05
313,2024-05-13
313,2024-05-24
313,2024-05-26
313,2024-06-08
313,2024-06-16
313,2024-06-19
313,2024-08-15
313,2024-08-27
313,2024-08-29
313,2024-09-02
313,2024-09-08
313,2024-10-02
313,2024-10-26
313,2024-11-19
313,2024-11-26
313,2024-12-02
313,2024-12-03
313,2024-12-15
313,2024-12-18
313,2024-12-19
313,2024-12-29
314,2024-03-09
314,2024-06-26
314,2024-06-28
314,2024-07-10
314,2024-08-01
314,2024-08-08
314,2024-09-14
314,2024-10-22
314,2024-11-03
314,2024-11-08
314,2024-11-17
314,2024-12-16
315,2024-01-10
315,2024-01-20
315,2024-03-17
315,2024-04-07
315,2024-06-08
315,2024-07-21
315,2024-07-28
315,2024-08-10
315,2024-08-17
315,2024-10-11
315,2024-10-26
315,2024-11-27
315,2024-12-16
315,2024-12-26
315,2024-12-29
316,2024-01-01
316,2024-01-22
316,2024-01-24
316,2024-03-12
316,2024-03-24
316,2024-03-27
316,2024-03-31
316,2024-04-07
316,2024-06-04
316,2024-06-17
316,2024-07-10
316,2024-07-25
316,2024-08-09
316,2024-08-12
316,2024-08-30
316,2024-10-02
316,2024-10-13
316,2024-10-22
316,2024-10-23
316,2024-11-20
316,2024-12-20
317,2024-01-10
317,2024-02-07
317,2024-02-13
317,2024-02-19
317,2024-04-07
317,2024-05-07
317,2024-06-03
317,2024-06-15
317,2024-06-16
317,2024-06-20
317,2024-07-04
317,2024-07-06
317,2024-07-07
317,2024-07-09
317,2024-07-16
317,2024-07-23
317,2024-07-30
317,2024-08-12
317,2024-09-28
317,2024-10-03
317,2024-10-04
317,2024-10-11
317,2024-10-17
317,2024-10-29
317,2024-10-30
317,2024-11-04
317,2024-11-14
317,2024-11-22
317,2024-12-12
318,2024-01-22
318,2024-04-11
318,2024-06-14
318,2024-07-11
318,2024-07-16
318,2024-07-20
318,2024-08-08
318,2024-08-22
318,2024-08-22
318,2024-09-07
318,2024-09-21
318,2024-11-03
318,2024-11-10
318,2024-11-16
318,2024-12-10
318,2024-12-17
319,2024-01-05
319,2024-02-24
319,2024-03-04
319,2024-04-01
319,2024-06-15
319,2024-10-18
319,2024-10-19
319,2024-10-29
319,2024-11-10
319,2024-11-16
320,2024-01-09
320,2024-02-28
320,2024-04-16
320,2024-04-16
320,2024-04-18
320,2024-04-20
320,2024-05-06
320,2024-05-10
320,2024-06-13
320,2024-06-27
320,2024-06-29
320,2024-07-05
320,2024-07-06
320,2024-07-10
320,2024-07-13
320,2024-08-04
320,2024-08-04
320,2024-08-18
320,2024-09-14
320,2024-09-16
320,2024-09-25
320,2024-10-09
320,2024-10-11
320,2024-10-13
320,2024-10-16
320,2024-10-16
320,2024-11-08
320,2024-11-21
320,2024-11-26
320,2024-12-17
321,2024-02-22
321,2024-02-27
321,2024-03-24
321,2024-05-21
321,2024-05-28
321,2024-05-30
321,2024-06-17
321,2024-06-25
321,2024-07-04
321,2024-07-05
321,2024-07-30
321,2024-08-03
321,2024-08-06
321,2024-08-08
321,2024-08-11
321,2024-08-17
321,2024-08-21
321,2024-10-03
321,2024-10-05
321,2024-10-08
321,2024-10-10
321,2024-10-16
321,2024-10-20
321,2024-11-20
321,2024-11-21
321,2024-11-26
321,2024-12-07
322,2024-03-22
322,2024-04-16
322,2024-04-21
322,2024-04-24
322,2024-04-28
322,2024-06-19
322,2024-06-20
322,2024-06-24
322,2024-07-08
322,2024-07-28
322,2024-09-05
322,2024-09-29
322,2024-10-11
322,2024-10-20
322,2024-11-04
322,2024-11-16
322,2024-11-20
322,2024-12-11
322,2024-12-18
322,2024-12-21
322,2024-12-25
323,2024-01-10
323,2024-01-29
323,2024-02-07
323,2024-02-15
323,2024-02-23
323,2024-03-26
323,2024-06-01
323,2024-06-01
323,2024-06-15
323,2024-07-04
323,2024-10-23
323,2024-10-24
324,2024-01-29
324,2024-02-10
324,2024-03-04
324,2024-04-04
324,2024-04-10
324,2024-04-18
324,2024-04-23
324,2024-05-11
324,2024-05-15
324,2024-05-18
324,2024-05-27
324,2024-06-12
324,2024-07-18
324,2024-08-02
324,2024-08-10
324,2024-08-18
324,2024-08-28
324,2024-09-22
324,2024-10-03
324,2024-10-08
324,2024-11-13
324,2024-11-19
324,2024-11-21
324,2024-11-22
324,2024-11-28
324,2024-12-14
324,2024-12-16
325,2024-01-17
325,2024-03-12
325,2024-04-24
325,2024-05-09
325,2024-05-16
325,2024-05-18
325,2024-05-21
325,2024-05-27
325,2024-06-06
325,2024-06-13
325,2024-06-18
325,2024-06-21
325,2024-06-30
325,2024-07-09
325,2024-07-19
325,2024-07-29
325,2024-08-03
325,2024-09-08
325,2024-09-15
325,2024-09-23
325,2024-09-30
325,2024-10-05
325,2024-10-08
325,2024-10-08
325,2024-11-11
325,2024-11-13
325,2024-11-26
325,2024-11-30
325,2024-12-08
325,2024-12-18
325,2024-12-20
325,2024-12-28
326,2024-04-10
326,2024-04-30
326,2024-07-03
326,2024-07-14
326,2024-08-28
326,2024-10-03
326,2024-10-07
326,2024-10-19
326,2024-10-28
326,2024-11-23
326,2024-12-21
326,2024-12-27
327,2024-01-24
327,2024-03-18
327,2024-05-28
327,2024-07-10
327,2024-07-30
328,2024-01-24
328,2024-02-28
328,2024-03-13
328,2024-03-27
328,2024-03-29
328,2024-03-30
328,2024-04-02
328,2024-04-18
328,2024-04-20
328,2024-04-23
328,2024-05-16
328,2024-05-28
328,2024-06-19
328,2024-06-27
328,2024-07-07
328,2024-07-10
328,2024-07-12
328,2024-07-27
328,2024-08-01
328,2024-08-13
328,2024-08-18
328,2024-08-22
328,2024-09-02
328,2024-09-14
328,2024-09-29
328,2024-10-02
328,2024-10-20
328,2024-10-27
328,2024-11-06
328,2024-11-08
328,2024-11-28
328,2024-12-10
328,2024-12-23
328,2024-12-27
329,2024-01-18
329,2024-01-25
329,2024-02-14
329,2024-03-13
329,2024-03-23
329,2024-04-19
329,2024-05-08
329,2024-05-08
329,2024-05-18
329,2024-05-30
329,2024-07-12
329,2024-07-13
329,2024-07-17
329,2024-08-09
329,2024-09-08
329,2024-09-14
329,2024-09-28
329,2024-10-09
329,2024-11-23
329,2024-12-16
330,2024-01-27
330,2024-03-27
330,2024-04-11
330,2024-04-27
330,2024-05-17
330,2024-07-17
330,2024-07-29
330,2024-09-06
330,2024-09-20
330,2024-10-08
330,2024-10-15
330,2024-11-04
330,2024-11-09
330,2024-11-26
330,2024-12-21
330,2024-12-28
330,2024-12-28
331,2024-01-28
331,2024-04-26
331,2024-05-26
331,2024-06-01
331,2024-06-29
331,2024-07-01
331,2024-08-03
331,2024-09-06
331,2024-09-07
331,2024-10-17
331,2024-11-21
332,2024-01-08
332,2024-01-14
332,2024-01-18
332,2024-01-31
332,2024-01-31
332,2024-02-11
332,2024-02-20
332,2024-03-09
332,2024-03-27
332,2024-04-26
332,2024-05-04
332,2024-05-12
332,2024-05-13
332,2024-07-03
332,2024-08-10
332,2024-08-15
332,2024-08-26
332,2024-08-27
332,2024-09-17
332,2024-09-27
332,2024-10-18
332,2024-11-24
332,2024-11-28
332,2024-12-03
332,2024-12-16
332,2024-12-19
332,2024-12-26
332,2024-12-28
333,2024-01-21
333,2024-02-04
333,2024-02-13
333,2024-02-18
333,2024-03-02
333,2024-03-14
333,2024-04-03
333,2024-05-15
333,2024-05-27
333,2024-06-07
333,2024-06-10
333,2024-06-17
333,2024-06-22
333,2024-07-02
333,2024-07-04
333,2024-07-12
333,2024-07-22
333,2024-08-10
333,2024-08-16
333,2024-08-17
333,2024-08-17
333,2024-08-19
333,2024-08-30
333,2024-09-09
333,2024-09-22
333,2024-09-25
333,2024-11-30
333,2024-12-06
333,2024-12-10
333,2024-12-13
333,2024-12-19
334,2024-01-31
334,2024-02-10
334,2024-02-12
334,2024-03-08
334,2024-03-27
334,2024-05-04
334,2024-06-11
334,2024-06-26
334,2024-06-28
334,2024-07-03
334,2024-09-01
334,2024-09-05
334,2024-09-09
334,2024-09-30
334,2024-10-03
334,2024-11-14
334,2024-11-14
334,2024-11-14
334,2024-12-12
335,2024-01-27
335,2024-02-27
335,2024-04-23
335,2024-06-18
335,2024-08-01
335,2024-08-17
335,2024-09-05
335,2024-09-17
335,2024-11-02
335,2024-11-20
335,2024-12-01
335,2024-12-23
336,2024-01-02
336,2024-02-11
336,2024-02-17
336,2024-02-29
336,2024-03-24
336,2024-04-06
336,2024-05-06
336,2024-05-16
336,2024-05-31
336,2024-06-09
336,2024-07-11
336,2024-07-31
336,2024-08-15
336,2024-08-24
336,2024-08-29
336,2024-08-30
336,2024-09-27
336,2024-09-29
336,2024-10-03
336,2024-10-19
336,2024-11-27
336,2024-11-28
337,2024-01-27
337,2024-01-29
337,2024-02-04
337,2024-02-17
337,2024-05-14
337,2024-05-28
337,2024-06-06
337,2024-06-28
337,2024-09-01
337,2024-09-23
337,2024-09-25
337,2024-09-26
337,2024-10-09
337,2024-10-12
337,2024-10-16
337,2024-10-26
337,2024-10-28
337,2024-11-16
337,2024-11-20
337,2024-11-24
337,2024-11-26
337,2024-12-14
337,2024-12-26
337,2024-12-27
338,2024-01-06
338,2024-01-26
338,2024-03-12
338,2024-03-14
338,2024-03-28
338,2024-04-02
338,2024-04-12
338,2024-04-18
338,2024-05-06
338,2024-05-16
338,2024-06-13
338,2024-06-25
338,2024-07-01
338,2024-07-14
338,2024-07-20
338,2024-08-15
338,2024-09-05
338,2024-09-09
338,2024-09-16
338,2024-11-22
338,2024-12-13
338,2024-12-22
338,2024-12-23
339,2024-01-11
339,2024-02-28
339,2024-03-01
339,2024-03-06
339,2024-04-06
339,2024-05-06
339,2024-05-07
339,2024-05-08
339,2024-05-09
339,2024-05-10
339,2024-05-12
339,2024-05-12
339,2024-05-12
339,2024-05-15
339,2024-05-26
339,2024-06-02
339,2024-06-06
339,2024-06-30
339,2024-07-10
339,2024-07-12
339,2024-07-13
339,2024-07-24
339,2024-07-25
339,2024-08-02
339,2024-08-22
339,2024-08-30
339,2024-08-31
339,2024-09-04
339,2024-09-08
339,2024-09-15
339,2024-09-22
339,2024-10-02
339,2024-10-13
339,2024-10-18
339,2024-11-22
339,2024-11-30
339,2024-12-13
339,2024-12-20
339,2024-12-23
339,2024-12-26
340,2024-01-31
340,2024-04-07
340,2024-04-24
340,2024-05-17
340,2024-06-07
340,2024-06-17
340,2024-06-24
340,2024-07-30
340,2024-08-02
340,2024-08-04
340,2024-08-07
340,2024-09-03
340,2024-09-20
340,2024-09-21
340,2024-09-26
340,2024-10-01
340,2024-10-11
340,2024-10-19
340,2024-10-19
340,2024-11-21
340,2024-11-26
340,2024-12-02
340,2024-12-12
340,2024-12-13
340,2024-12-16
340,2024-12-21
341,2024-02-23
341,2024-05-06
341,2024-05-11
341,2024-05-18
341,2024-06-25
341,2024-06-26
341,2024-07-03
341,2024-07-20
341,2024-08-10
341,2024-08-11
341,2024-08-11
341,2024-09-21
341,2024-09-27
341,2024-10-04
341,2024-10-12
341,2024-10-16
341,2024-11-05
342,2024-02-17
342,2024-03-02
342,2024-03-07
342,2024-03-21
342,2024-03-26
342,2024-04-14
342,2024-04-17
342,2024-05-09
342,2024-05-14
342,2024-05-21
342,2024-05-29
342,2024-06-06
342,2024-06-16
342,2024-07-01
342,2024-07-14
342,2024-07-27
342,2024-07-28
342,2024-08-01
342,2024-08-06
342,2024-08-12
342,2024-08-22
342,2024-08-23
342,2024-09-01
342,2024-09-04
342,2024-09-13
342,2024-09-14
342,2024-09-24
342,2024-10-15
342,2024-10-22
342,2024-11-06
342,2024-11-11
342,2024-11-19
342,2024-11-29
342,2024-12-24
342,2024-12-24
343,2024-03-05
343,2024-03-15
343,2024-04-10
343,2024-04-15
343,2024-05-12
343,2024-06-08
343,2024-07-31
343,2024-09-21
343,2024-09-23
343,2024-10-01
343,2024-10-10
343,2024-10-25
343,2024-11-12
343,2024-11-23
343,2024-11-30
343,2024-12-01
343,2024-12-03
343,2024-12-16
344,2024-01-18
344,2024-02-29
344,2024-03-28
344,2024-04-12
344,2024-04-18
344,2024-04-25
344,2024-05-26
344,2024-06-12
344,2024-06-14
344,2024-06-15
344,2024-06-21
344,2024-06-22
344,2024-06-24
344,2024-06-25
344,2024-07-01
344,2024-07-09
344,2024-07-14
344,2024-07-28
344,2024-07-28
344,2024-07-31
344,2024-08-05
344,2024-08-15
344,2024-08-21
344,2024-09-01
344,2024-09-16
344,2024-09-23
344,2024-09-24
344,2024-09-25
344,2024-09-29
344,2024-10-14
344,2024-10-18
344,2024-10-22
344,2024-10-24
344,2024-10-27
344,2024-10-30
344,2024-11-01
344,2024-11-10
344,2024-11-11
344,2024-11-22
344,2024-12-03
344,2024-12-03
344,2024-12-10
344,2024-12-11
344,2024-12-12
344,2024-12-20
344,2024-12-24
345,2024-01-06
345,2024-02-02
345,2024-04-25
345,2024-05-06
345,2024-06-09
345,2024-06-18
345,2024-06-25
345,2024-07-03
345,2024-07-15
345,2024-07-16
345,2024-07-22
345,2024-07-27
345,2024-08-05
345,2024-08-16
345,2024-08-29
345,2024-09-06
345,2024-09-21
345,2024-10-15
345,2024-11-01
345,2024-11-02
345,2024-11-24
345,2024-11-30
345,2024-12-05
345,2024-12-19
345,2024-12-21
345,2024-12-29
346,2024-03-16
346,2024-04-22
346,2024-04-22
346,2024-07-08
346,2024-07-10
346,2024-07-11
346,2024-10-02
346,2024-10-02
346,2024-10-23
346,2024-11-03
346,2024-12-10
346,2024-12-20
346,2024-12-26
347,2024-01-29
347,2024-02-16
347,2024-03-12
347,2024-03-23
347,2024-03-31
347,2024-04-02
347,2024-04-11
347,2024-04-12
347,2024-04-22
347,2024-05-08
347,2024-06-03
347,2024-06-26
347,2024-07-12
347,2024-08-07
347,2024-08-10
347,2024-09-15
347,2024-09-19
347,2024-10-01
347,2024-10-08
347,2024-10-19
347,2024-11-08
347,2024-11-12
347,2024-11-15
347,2024-11-19
347,2024-11-22
347,2024-11-27
347,2024-11-28
347,2024-12-14
347,2024-12-15
347,2024-12-28
348,2024-01-01
348,2024-01-24
348,2024-03-28
348,2024-05-16
348,2024-05-23
348,2024-06-04
348,2024-06-20
348,2024-06-26
348,2024-07-03
348,2024-07-11
348,2024-07-14
348,2024-07-23
348,2024-08-16
348,2024-08-18
348,2024-09-06
348,2024-09-18
348,2024-09-30
348,2024-10-05
348,2024-10-06
348,2024-10-06
348,2024-10-18
348,2024-10-27
348,2024-11-03
348,2024-11-21
348,2024-12-02
348,2024-12-02
348,2024-12-07
348,2024-12-15
348,2024-12-17
348,2024-12-22
348,2024-12-28
349,2024-01-15
349,2024-03-31
349,2024-04-06
349,2024-05-16
349,2024-05-16
349,2024-06-25
349,2024-07-03
349,2024-07-09
349,2024-09-06
349,2024-09-22
349,2024-09-30
349,2024-12-08
349,2024-12-15
350,2024-01-06
350,2024-01-30
350,2024-04-07
350,2024-05-12
350,2024-05-17
350,2024-06-28
350,2024-07-16
350,2024-08-03
350,2024-08-04
350,2024-08-31
350,2024-09-05
350,2024-09-10
350,2024-09-18
350,2024-10-11
350,2024-10-21
350,2024-10-23
350,2024-11-06
350,2024-11-19
350,2024-11-21
350,2024-12-04
350,2024-12-18
351,2024-01-28
351,2024-01-30
351,2024-02-12
351,2024-03-23
351,2024-04-21
351,2024-08-24
351,2024-08-24
351,2024-08-28
351,2024-08-31
351,2024-10-07
351,2024-11-07
351,2024-11-18
351,2024-11-20
351,2024-12-13
352,2024-03-05
352,2024-03-24
352,2024-05-13
352,2024-05-19
352,2024-07-12
352,2024-07-15
352,2024-07-31
352,2024-07-31
352,2024-08-01
352,2024-08-04
352,2024-08-11
352,2024-08-12
352,2024-08-15
352,2024-08-26
352,2024-08-29
352,2024-09-22
352,2024-11-04
352,2024-11-19
352,2024-11-21
352,2024-12-06
352,2024-12-28
353,2024-01-05
353,2024-03-29
353,2024-03-30
353,2024-04-01
353,2024-04-01
353,2024-04-02
353,2024-04-21
353,2024-05-26
353,2024-05-27
353,2024-05-31
353,2024-06-10
353,2024-06-19
353,2024-07-05
353,2024-07-13
353,2024-07-15
353,2024-07-31
353,2024-07-31
353,2024-09-11
353,2024-10-13
353,2024-10-13
353,2024-10-15
353,2024-10-20
353,2024-10-21
353,2024-11-01
353,2024-11-19
353,2024-11-24
353,2024-12-06
353,2024-12-25
354,2024-03-05
354,2024-03-21
354,2024-03-26
354,2024-04-13
354,2024-04-23
354,2024-05-27
354,2024-08-19
354,2024-09-09
354,2024-09-22
354,2024-10-12
354,2024-10-19
354,2024-10-21
354,2024-10-26
354,2024-11-04
354,2024-11-07
354,2024-11-14
354,2024-11-26
354,2024-12-12
354,2024-12-17
355,2024-01-02
355,2024-01-14
355,2024-01-26
355,2024-01-31
355,2024-03-03
355,2024-03-17
355,2024-05-03
355,2024-05-23
355,2024-05-26
355,2024-06-01
355,2024-06-05
355,2024-06-09
355,2024-06-23
355,2024-07-18
355,2024-08-09
355,2024-08-30
355,2024-09-04
355,2024-09-08
355,2024-09-13
355,2024-10-06
355,2024-10-11
355,2024-12-02
355,2024-12-15
356,2024-01-07
356,2024-02-19
356,2024-02-25
356,2024-03-05
356,2024-03-29
356,2024-04-16
356,2024-04-26
356,2024-05-31
356,2024-06-29
356,2024-06-30
356,2024-07-04
356,2024-07-07
356,2024-07-14
356,2024-08-15
356,2024-08-17
356,2024-08-23
356,2024-09-04
356,2024-09-12
356,2024-09-27
356,2024-10-05
356,2024-10-09
356,2024-10-30
356,2024-11-11
356,2024-12-13
356,2024-12-18
356,2024-12-24
357,2024-02-04
357,2024-03-28
357,2024-03-30
357,2024-04-27
357,2024-04-28
357,2024-05-17
357,2024-07-11
357,2024-07-15
357,2024-07-20
357,2024-07-31
357,2024-08-06
357,2024-08-31
357,2024-09-20
357,2024-09-26
357,2024-09-30
357,2024-10-02
357,2024-10-11
357,2024-10-17
357,2024-10-29
357,2024-10-30
357,2024-11-16
357,2024-12-03
358,2024-02-14
358,2024-04-08
358,2024-05-01
358,2024-06-09
358,2024-06-24
358,2024-06-25
358,2024-07-01
358,2024-07-02
358,2024-07-13
358,2024-07-24
358,2024-07-28
358,2024-08-07
358,2024-08-14
358,2024-08-17
358,2024-08-23
358,2024-08-24
358,2024-08-24
358,2024-08-29
358,2024-09-02
358,2024-09-08
358,2024-09-17
358,2024-09-18
358,2024-09-22
358,2024-09-23
358,2024-10-07
358,2024-10-21
358,2024-11-11
358,2024-11-17
358,2024-11-17
358,2024-12-08
358,2024-12-10
358,2024-12-22
359,2024-03-20
359,2024-03-25
359,2024-04-07
359,2024-04-13
359,2024-04-19
359,2024-04-24
359,2024-04-25
359,2024-06-03
359,2024-06-08
359,2024-06-14
359,2024-06-26
359,2024-06-30
359,2024-07-02
359,2024-07-12
359,2024-08-05
359,2024-08-18
359,2024-09-01
359,2024-09-25
359,2024-10-05
359,2024-10-09
359,2024-10-23
359,2024-11-05
359,2024-11-17
359,2024-11-23
359,2024-11-26
359,2024-12-22
360,2024-02-28
360,2024-02-28
360,2024-05-05
360,2024-06-20
360,2024-08-28
360,2024-09-25
360,2024-09-29
360,2024-10-07
360,2024-10-14
360,2024-10-23
360,2024-11-15
360,2024-11-25
360,2024-12-07
360,2024-12-20
361,2024-01-25
361,2024-02-01
361,2024-02-05
361,2024-02-09
361,2024-03-05
361,2024-03-27
361,2024-06-06
361,2024-06-21
361,2024-06-26
361,2024-07-17
361,2024-08-15
361,2024-08-23
361,2024-09-20
361,2024-09-27
361,2024-11-20
361,2024-12-14
362,2024-01-16
362,2024-03-05
362,2024-03-08
362,2024-03-23
362,2024-05-04
362,2024-05-26
362,2024-06-07
362,2024-06-13
362,2024-07-14
362,2024-08-31
362,2024-09-11
362,2024-10-27
362,2024-11-04
362,2024-11-11
362,2024-11-13
362,2024-11-20
362,2024-11-20
362,2024-11-29
362,2024-12-04
362,2024-12-30
362,2024-12-30
363,2024-01-02
363,2024-01-23
363,2024-02-05
363,2024-02-08
363,2024-03-01
363,2024-03-22
363,2024-04-18
363,2024-04-22
363,2024-05-23
363,2024-06-01
363,2024-06-09
363,2024-06-14
363,2024-06-27
363,2024-07-02
363,2024-07-09
363,2024-07-13
363,2024-07-13
363,2024-07-27
363,2024-08-20
363,2024-08-28
363,2024-09-19
363,2024-09-29
363,2024-09-30
363,2024-10-09
363,2024-10-18
363,2024-10-18
363,2024-10-19
363,2024-10-22
363,2024-10-23
363,2024-11-08
363,2024-11-11
363,2024-11-12
363,2024-11-15
363,2024-11-16
363,2024-11-25
363,2024-11-29
363,2024-11-30
363,2024-12-01
363,2024-12-14
363,2024-12-20
364,2024-03-18
364,2024-05-06
364,2024-05-08
364,2024-05-26
364,2024-06-11
364,2024-06-13
364,2024-06-19
364,2024-06-21
364,2024-06-27
364,2024-07-12
364,2024-07-27
364,2024-07-27
364,2024-07-28
364,2024-07-30
364,2024-08-30
364,2024-09-09
364,2024-09-20
364,2024-10-14
364,2024-10-18
364,2024-10-19
364,2024-10-30
364,2024-10-31
364,2024-11-06
364,2024-11-19
364,2024-12-06
364,2024-12-13
365,2024-01-08
365,2024-01-18
365,2024-01-30
365,2024-04-25
365,2024-05-04
365,2024-05-07
365,2024-05-07
365,2024-06-03
365,2024-07-30
365,2024-08-09
365,2024-08-11
365,2024-09-09
365,2024-09-26
365,2024-09-27
365,2024-10-03
365,2024-10-13
365,2024-10-15
365,2024-10-24
365,2024-11-01
365,2024-11-10
365,2024-11-16
365,2024-11-17
365,2024-11-23
365,2024-11-30
365,2024-12-04
365,2024-12-19
366,2024-01-13
366,2024-01-20
366,2024-01-31
366,2024-04-29
366,2024-05-09
366,2024-05-22
366,2024-05-27
366,2024-07-10
366,2024-07-28
366,2024-08-02
366,2024-08-11
366,2024-08-16
366,2024-09-02
366,2024-09-14
366,2024-09-16
366,2024-10-11
366,2024-10-11
366,2024-10-27
366,2024-11-03
366,2024-11-06
366,2024-11-07
366,2024-11-27
366,2024-12-05
366,2024-12-12
366,2024-12-16
366,2024-12-19
367,2024-05-17
367,2024-08-02
367,2024-09-19
367,2024-10-14
367,2024-11-12
367,2024-11-21
367,2024-12-01
367,2024-12-06
368,2024-01-16
368,2024-01-18
368,2024-01-21
368,2024-01-31
368,2024-02-01
368,2024-02-15
368,2024-02-16
368,2024-03-21
368,2024-03-25
368,2024-03-27
368,2024-04-22
368,2024-05-07
368,2024-05-25
368,2024-06-08
368,2024-06-23
368,2024-07-06
368,2024-07-07
368,2024-07-19
368,2024-08-01
368,2024-08-11
368,2024-08-17
368,2024-09-19
368,2024-09-28
368,2024-10-15
368,2024-10-29
368,2024-11-06
368,2024-11-13
368,2024-12-06
368,2024-12-28
369,2024-01-04
369,2024-01-16
369,2024-02-15
369,2024-02-21
369,2024-02-27
369,2024-02-28
369,2024-02-29
369,2024-03-08
369,2024-03-18
369,2024-03-26
369,2024-04-19
369,2024-04-26
369,2024-04-28
369,2024-04-28
369,2024-05-17
369,2024-05-17
369,2024-05-29
369,2024-05-30
369,2024-05-30
369,2024-07-07
369,2024-07-07
369,2024-07-31
369,2024-08-06
369,2024-09-04
369,2024-09-06
369,2024-09-10
369,2024-09-25
369,2024-09-26
369,2024-10-15
369,2024-10-20
369,2024-11-03
369,2024-11-08
369,2024-11-11
369,2024-11-18
369,2024-11-18
369,2024-11-20
369,2024-11-23
369,2024-12-06
369,2024-12-18
369,2024-12-29
369,2024-12-30
370,2024-01-05
370,2024-01-09
370,2024-02-29
370,2024-05-23
370,2024-06-18
370,2024-06-19
370,2024-06-23
370,2024-07-24
370,2024-07-27
370,2024-08-06
370,2024-08-11
370,2024-09-03
370,2024-09-09
370,2024-09-25
370,2024-09-26
370,2024-10-12
370,2024-10-13
370,2024-11-17
370,2024-11-18
370,2024-11-23
370,2024-11-28
370,2024-12-02
370,2024-12-03
370,2024-12-18
370,2024-12-20
371,2024-01-13
371,2024-02-06
371,2024-04-12
371,2024-04-21
371,2024-05-23
371,2024-08-06
371,2024-08-15
371,2024-10-19
371,2024-11-09
371,2024-12-06
371,2024-12-08
371,2024-12-30
372,2024-01-18
372,2024-03-20
372,2024-03-24
372,2024-05-27
372,2024-06-28
372,2024-09-08
373,2024-01-14
373,2024-01-25
373,2024-04-28
373,2024-05-05
373,2024-05-10
373,2024-05-31
373,2024-07-19
373,2024-07-24
373,2024-07-28
373,2024-08-14
373,2024-09-10
373,2024-09-29
373,2024-10-23
373,2024-11-02
373,2024-12-07
373,2024-12-08
373,2024-12-20
373,2024-12-28
374,2024-01-27
374,2024-02-26
374,2024-02-29
374,2024-03-25
374,2024-04-03
374,2024-04-18
374,2024-05-23
374,2024-05-29
374,2024-06-06
374,2024-06-27
374,2024-07-10
374,2024-07-10
374,2024-07-17
374,2024-08-09
374,2024-08-26
374,2024-09-21
374,2024-09-26
374,2024-11-07
374,2024-11-08
374,2024-11-14
374,2024-12-01
374,2024-12-09
374,2024-12-11
374,2024-12-13
374,2024-12-26
375,2024-01-08
375,2024-01-30
375,2024-02-09
375,2024-02-10
375,2024-03-12
375,2024-05-04
375,2024-05-16
375,2024-05-31
375,2024-06-19
375,2024-06-26
375,2024-07-24
375,2024-08-07
375,2024-09-28
375,2024-10-09
375,2024-10-13
375,2024-10-13
375,2024-11-03
375,2024-11-04
375,2024-11-10
375,2024-12-19
375,2024-12-19
375,2024-12-20
376,2024-02-23
376,2024-03-12
376,2024-05-02
376,2024-05-05
376,2024-05-17
376,2024-06-16
376,2024-07-04
376,2024-07-26
376,2024-09-19
376,2024-11-10
376,2024-12-06
377,2024-01-24
377,2024-02-13
377,2024-02-16
377,2024-02-18
377,2024-02-24
377,2024-02-24
377,2024-03-07
377,2024-04-06
377,2024-04-20
377,2024-04-24
377,2024-04-28
377,2024-05-10
377,2024-05-11
377,2024-06-02
377,2024-06-25
377,2024-07-11
377,2024-07-13
377,2024-07-16
377,2024-08-12
377,2024-08-13
377,2024-09-12
377,2024-09-15
377,2024-09-17
377,2024-09-27
377,2024-09-29
377,2024-10-17
377,2024-10-20
377,2024-10-27
377,2024-10-27
377,2024-10-27
377,2024-10-29
377,2024-11-05
377,2024-11-08
377,2024-11-10
377,2024-11-17
377,2024-11-25
377,2024-12-15
377,2024-12-28
378,2024-03-28
378,2024-03-29
378,2024-04-18
378,2024-05-06
378,2024-05-24
378,2024-05-31
378,2024-08-31
378,2024-10-31
378,2024-12-04
378,2024-12-26
379,2024-02-07
379,2024-02-09
379,2024-03-30
379,2024-05-13
379,2024-05-25
379,2024-06-28
379,2024-07-11
379,2024-08-03
379,2024-08-05
379,2024-08-17
379,2024-09-01
379,2024-09-22
379,2024-09-29
379,2024-09-29
379,2024-10-27
379,2024-10-31
379,2024-11-24
379,2024-12-01
379,2024-12-24
380,2024-01-03
380,2024-01-10
380,2024-01-18
380,2024-01-25
380,2024-03-05
380,2024-03-23
380,2024-04-01
380,2024-04-13
380,2024-04-25
380,2024-05-08
380,2024-05-22
380,2024-05-24
380,2024-05-30
380,2024-05-31
380,2024-07-15
380,2024-07-24
380,2024-07-24
380,2024-08-03
380,2024-08-20
380,2024-09-18
380,2024-09-20
380,2024-09-27
380,2024-10-11
380,2024-10-14
380,2024-10-20
380,2024-10-23
380,2024-11-14
380,2024-11-19
380,2024-11-20
380,2024-11-23
380,2024-12-18
380,2024-12-29
381,2024-01-02
381,2024-02-20
381,2024-03-08
381,2024-03-21
381,2024-04-08
381,2024-04-20
381,2024-05-17
381,2024-05-20
381,2024-05-21
381,2024-06-11
381,2024-06-20
381,2024-06-23
381,2024-07-02
381,2024-07-09
381,2024-07-29
381,2024-08-04
381,2024-08-08
381,2024-08-12
381,2024-08-18
381,2024-08-22
381,2024-08-27
381,2024-09-03
381,2024-09-14
381,2024-09-18
381,2024-10-13
381,2024-10-14
381,2024-10-17
381,2024-10-20
381,2024-11-04
381,2024-11-12
381,2024-11-19
381,2024-11-24
381,2024-11-25
381,2024-11-29
381,2024-12-07
381,2024-12-13
381,2024-12-17
381,2024-12-18
381,2024-12-21
381,2024-12-28
382,2024-01-14
382,2024-02-10
382,2024-07-16
382,2024-07-17
382,2024-07-24
382,2024-07-30
382,2024-08-08
382,2024-08-19
382,2024-08-21
382,2024-09-25
382,2024-09-29
382,2024-10-02
382,2024-10-07
382,2024-10-18
382,2024-10-21
382,2024-10-23
382,2024-10-24
382,2024-10-25
382,2024-11-05
382,2024-11-07
382,2024-11-16
382,2024-11-16
382,2024-11-18
382,2024-11-22
382,2024-12-07
382,2024-12-16
382,2024-12-21
383,2024-01-14
383,2024-03-26
383,2024-04-07
383,2024-04-24
383,2024-06-18
383,2024-07-06
383,2024-08-19
383,2024-09-24
383,2024-10-11
383,2024-11-16
383,2024-11-22
383,2024-11-26
383,2024-11-26
383,2024-12-07
383,2024-12-12
383,2024-12-12
383,2024-12-14
384,2024-02-14
384,2024-03-13
384,2024-03-18
384,2024-04-15
384,2024-04-25
384,2024-05-18
384,2024-05-25
384,2024-07-01
384,2024-07-06
384,2024-07-06
384,2024-07-11
384,2024-07-29
384,2024-07-30
384,2024-08-01
384,2024-08-03
384,2024-08-12
384,2024-08-18
384,2024-08-26
384,2024-09-04
384,2024-09-05
384,2024-09-09
384,2024-09-11
384,2024-10-06
384,2024-10-07
384,2024-10-20
384,2024-11-08
384,2024-11-12
384,2024-11-14
384,2024-11-16
384,2024-11-18
384,2024-11-30
384,2024-12-15
385,2024-02-21
385,2024-03-15
385,2024-03-16
385,2024-04-03
385,2024-08-31
386,2024-01-19
386,2024-02-11
386,2024-02-14
386,2024-03-05
386,2024-03-12
386,2024-03-13
386,2024-03-25
386,2024-03-28
386,2024-04-03
386,2024-04-08
386,2024-04-21
386,2024-05-18
386,2024-05-19
386,2024-05-23
386,2024-05-24
386,2024-05-26
386,2024-06-06
386,2024-06-27
386,2024-07-08
386,2024-07-22
386,2024-07-25
386,2024-07-28
386,2024-08-04
386,2024-08-13
386,2024-08-25
386,2024-09-14
386,2024-09-27
386,2024-10-12
386,2024-10-14
386,2024-10-19
386,2024-10-26
386,2024-11-02
386,2024-12-07
386,2024-12-13
387,2024-01-29
387,2024-03-12
387,2024-04-04
387,2024-04-16
387,2024-05-10
387,2024-07-27
387,2024-07-30
387,2024-08-08
387,2024-08-18
387,2024-08-21
387,2024-09-09
387,2024-09-15
387,2024-10-04
387,2024-10-12
387,2024-10-27
387,2024-10-30
387,2024-11-23
387,2024-12-06
387,2024-12-10
387,2024-12-10
388,2024-02-15
388,2024-03-02
388,2024-03-24
388,2024-03-30
388,2024-04-06
388,2024-04-08
388,2024-04-13
388,2024-04-18
388,2024-05-11
388,2024-06-18
388,2024-07-08
388,2024-07-27
388,2024-07-29
388,2024-08-09
388,2024-08-11
388,2024-08-20
388,2024-09-02
388,2024-09-05
388,2024-09-10
388,2024-09-12
388,2024-09-29
388,2024-10-08
388,2024-10-26
388,2024-11-13
388,2024-12-08
388,2024-12-15
388,2024-12-23
389,2024-01-13
389,2024-02-01
389,2024-03-10
389,2024-03-12
389,2024-03-23
389,2024-04-02
389,2024-07-28
389,2024-08-12
389,2024-08-23
389,2024-08-24
389,2024-08-25
389,2024-08-30
389,2024-09-28
389,2024-09-29
389,2024-10-01
389,2024-10-02
389,2024-10-24
389,2024-10-24
389,2024-10-26
389,2024-10-28
389,2024-10-28
389,2024-11-16
389,2024-12-07
389,2024-12-28
389,2024-12-30
390,2024-03-10
390,2024-04-05
390,2024-04-24
390,2024-06-19
390,2024-07-25
390,2024-09-23
390,2024-09-30
390,2024-10-10
390,2024-10-25
390,2024-10-28
390,2024-12-03
390,2024-12-11
391,2024-01-10
391,2024-01-25
391,2024-03-20
391,2024-03-21
391,2024-05-19
391,2024-06-06
391,2024-10-30
392,2024-01-18
392,2024-04-12
392,2024-04-19
392,2024-04-24
392,2024-05-18
392,2024-06-04
392,2024-06-26
392,2024-07-04
392,2024-07-13
392,2024-07-25
392,2024-08-19
392,2024-09-07
392,2024-09-19
392,2024-10-04
392,2024-10-08
392,2024-10-25
392,2024-11-18
392,2024-11-22
392,2024-12-03
392,2024-12-11
393,2024-01-13
393,2024-01-29
393,2024-02-17
393,2024-04-16
393,2024-04-30
393,2024-05-09
393,2024-07-25
393,2024-07-29
393,2024-08-08
393,2024-09-05
393,2024-09-10
393,2024-09-11
393,2024-09-16
393,2024-09-19
393,2024-09-27
393,2024-10-26
393,2024-11-13
393,2024-11-19
394,2024-04-11
394,2024-04-18
394,2024-05-24
394,2024-06-24
394,2024-07-11
394,2024-07-25
394,2024-09-17
394,2024-09-30
394,2024-10-30
394,2024-11-04
394,2024-11-19
394,2024-12-03
394,2024-12-07
394,2024-12-14
394,2024-12-16
395,2024-01-04
395,2024-01-11
395,2024-04-24
395,2024-07-13
395,2024-07-23
395,2024-08-28
395,2024-11-11
396,2024-03-12
396,2024-03-20
396,2024-04-26
396,2024-05-11
396,2024-05-12
396,2024-05-29
396,2024-06-03
396,2024-06-13
396,2024-06-23
396,2024-08-12
396,2024-08-17
396,2024-08-21
396,2024-08-28
396,2024-08-29
396,2024-09-05
396,2024-09-15
396,2024-09-28
396,2024-10-03
396,2024-10-23
396,2024-10-24
396,2024-10-29
396,2024-11-02
396,2024-11-14
396,2024-11-14
396,2024-11-21
396,2024-12-10
396,2024-12-10
396,2024-12-15
396,2024-12-17
396,2024-12-17
396,2024-12-28
396,2024-12-28
397,2024-01-28
397,2024-02-26
397,2024-06-02
397,2024-07-06
397,2024-08-05
397,2024-08-12
397,2024-08-30
397,2024-09-06
397,2024-09-14
397,2024-09-18
397,2024-10-13
397,2024-10-24
397,2024-11-02
397,2024-12-07
398,2024-01-28
398,2024-03-07
398,2024-03-10
398,2024-03-24
398,2024-04-02
398,2024-04-09
398,2024-05-25
398,2024-06-25
398,2024-07-10
398,2024-07-30
398,2024-08-05
398,2024-08-12
398,2024-08-18
398,2024-09-13
398,2024-09-26
398,2024-09-26
398,2024-10-07
399,2024-01-20
399,2024-01-20
399,2024-01-27
399,2024-04-25
399,2024-09-16
399,2024-09-26
399,2024-11-09
399,2024-11-19
399,2024-11-26
399,2024-12-14
399,2024-12-19
399,2024-12-28
400,2024-01-08
400,2024-01-17
400,2024-03-06
400,2024-04-17
400,2024-06-19
400,2024-06-28
400,2024-07-09
400,2024-07-28
400,2024-08-05
400,2024-08-13
400,2024-08-16
400,2024-08-29
400,2024-09-13
400,2024-09-19
400,2024-09-21
400,2024-09-27
400,2024-10-23
400,2024-11-29
400,2024-12-02
400,2024-12-15
401,2024-02-12
401,2024-02-23
401,2024-02-26
401,2024-02-27
401,2024-03-31
401,2024-05-21
401,2024-06-08
401,2024-06-25
401,2024-07-30
401,2024-08-12
401,2024-09-27
401,2024-11-30
401,2024-12-02
401,2024-12-19
402,2024-03-03
402,2024-03-07
402,2024-03-11
402,2024-03-16
402,2024-04-03
402,2024-04-24
402,2024-05-22
402,2024-05-28
402,2024-05-29
402,2024-06-04
402,2024-06-26
402,2024-07-13
402,2024-08-05
402,2024-08-07
402,2024-08-27
402,2024-09-01
402,2024-09-02
402,2024-09-07
402,2024-09-11
402,2024-09-14
402,2024-09-23
402,2024-09-27
402,2024-10-12
402,2024-10-12
402,2024-10-28
402,2024-10-29
402,2024-10-30
402,2024-11-06
402,2024-11-11
402,2024-11-14
402,2024-11-16
402,2024-12-01
402,2024-12-12
402,2024-12-16
402,2024-12-24
402,2024-12-29
403,2024-03-30
403,2024-04-13
403,2024-05-05
403,2024-05-06
403,2024-05-22
403,2024-06-22
403,2024-07-07
403,2024-07-19
403,2024-08-19
403,2024-09-09
403,2024-09-27
403,2024-10-23
403,2024-10-24
403,2024-11-13
403,2024-11-26
404,2024-02-11
404,2024-02-11
404,2024-03-17
404,2024-05-13
404,2024-05-23
404,2024-05-25
404,2024-06-18
404,2024-06-23
404,2024-07-10
404,2024-07-10
404,2024-08-11
404,2024-08-20
404,2024-08-25
404,2024-09-06
404,2024-10-04
404,2024-10-06
404,2024-10-13
404,2024-10-24
404,2024-10-30
404,2024-11-03
404,2024-11-04
404,2024-11-07
404,2024-11-11
404,2024-11-12
404,2024-11-18
404,2024-11-21
404,2024-11-22
404,2024-12-17
404,2024-12-18
404,2024-12-19
404,2024-12-26
404,2024-12-30
405,2024-01-01
405,2024-02-04
405,2024-02-20
405,2024-02-28
405,2024-03-27
405,2024-04-18
405,2024-04-20
405,2024-05-05
405,2024-05-09
405,2024-06-10
405,2024-07-14
405,2024-08-08
405,2024-08-10
405,2024-09-09
405,2024-11-06
405,2024-11-18
405,2024-11-29
405,2024-12-08
405,2024-12-14
405,2024-12-19
405,2024-12-20
406,2024-01-13
406,2024-01-29
406,2024-02-07
406,2024-02-11
406,2024-02-23
406,2024-02-27
406,2024-02-28
406,2024-02-29
406,2024-04-06
406,2024-04-06
406,2024-04-10
406,2024-05-25
406,2024-06-11
406,2024-07-31
406,2024-08-01
406,2024-08-06
406,2024-08-21
406,2024-10-04
407,2024-02-16
407,2024-03-17
407,2024-03-25
407,2024-04-03
407,2024-05-12
407,2024-06-05
407,2024-06-13
407,2024-06-27
407,2024-07-04
407,2024-07-08
407,2024-07-22
407,2024-08-24
407,2024-10-20
407,2024-10-26
407,2024-11-07
407,2024-11-14
407,2024-11-26
407,2024-12-29
408,2024-02-24
408,2024-03-08
408,2024-03-25
408,2024-04-03
408,2024-04-17
408,2024-05-14
408,2024-05-26
408,2024-06-06
408,2024-06-22
408,2024-06-26
408,2024-07-07
408,2024-07-25
408,2024-07-31
408,2024-08-24
408,2024-08-31
408,2024-09-08
408,2024-10-08
408,2024-10-09
408,2024-10-12
408,2024-11-01
408,2024-12-05
408,2024-12-05
408,2024-12-12
408,2024-12-16
408,2024-12-18
408,2024-12-29
409,2024-01-09
409,2024-01-16
409,2024-02-10
409,2024-02-28
409,2024-03-05
409,2024-04-09
409,2024-04-11
409,2024-04-17
409,2024-04-22
409,2024-04-26
409,2024-06-09
409,2024-06-21
409,2024-07-01
409,2024-07-06
409,2024-07-24
409,2024-08-04
409,2024-08-27
409,2024-09-06
409,2024-09-09
409,2024-09-21
409,2024-10-15
409,2024-10-24
409,2024-11-18
409,2024-11-21
409,2024-11-22
409,2024-11-25
409,2024-12-02
409,2024-12-29
410,2024-02-19
410,2024-05-12
410,2024-07-05
410,2024-07-15
410,2024-07-24
410,2024-07-24
410,2024-07-29
410,2024-08-03
410,2024-09-20
410,2024-10-16
410,2024-10-18
410,2024-10-25
410,2024-11-02
410,2024-11-12
410,2024-12-15
410,2024-12-17
410,2024-12-18
410,2024-12-26
411,2024-01-09
411,2024-01-28
411,2024-02-07
411,2024-02-21
411,2024-03-18
411,2024-04-03
411,2024-04-16
411,2024-07-09
411,2024-09-12
411,2024-10-04
411,2024-10-19
411,2024-11-08
411,2024-11-25
411,2024-11-28
411,2024-12-03
411,2024-12-16
412,2024-05-10
412,2024-08-09
412,2024-10-02
412,2024-12-29
413,2024-02-11
413,2024-03-29
413,2024-04-11
413,2024-05-01
413,2024-05-22
413,2024-06-10
413,2024-07-04
413,2024-07-04
413,2024-08-11
413,2024-08-22
413,2024-08-28
413,2024-09-18
413,2024-09-21
413,2024-10-23
413,2024-10-26
413,2024-11-21
413,2024-12-25
413,2024-12-30
414,2024-02-14
414,2024-02-27
414,2024-04-09
414,2024-05-16
414,2024-06-04
414,2024-07-04
414,2024-07-11
414,2024-08-04
414,2024-10-16
414,2024-10-18
414,2024-10-28
414,2024-11-01
414,2024-11-04
414,2024-11-22
414,2024-11-22
415,2024-01-23
415,2024-03-02
415,2024-04-21
415,2024-04-22
415,2024-06-12
415,2024-06-22
415,2024-06-27
415,2024-06-30
415,2024-07-17
415,2024-07-22
415,2024-08-31
415,2024-09-21
415,2024-10-03
415,2024-10-08
415,2024-10-15
415,2024-11-06
415,2024-11-18
415,2024-11-23
415,2024-12-11
416,2024-01-29
416,2024-04-23
416,2024-05-11
416,2024-08-01
416,2024-08-19
416,2024-08-29
416,2024-09-15
416,2024-09-28
416,2024-09-29
416,2024-10-20
416,2024-10-24
416,2024-10-28
416,2024-11-11
416,2024-12-07
416,2024-12-19
417,2024-02-07
417,2024-03-13
417,2024-04-02
417,2024-08-22
417,2024-08-29
417,2024-10-03
417,2024-10-27
417,2024-11-01
417,2024-11-30
418,2024-01-03
418,2024-02-08
418,2024-02-27
418,2024-03-08
418,2024-03-31
418,2024-05-07
418,2024-05-29
418,2024-05-31
418,2024-06-25
418,2024-07-04
418,2024-07-20
418,2024-08-03
418,2024-08-11
418,2024-08-11
418,2024-08-20
418,2024-09-13
418,2024-09-20
418,2024-10-09
418,2024-10-10
418,2024-10-18
418,2024-10-20
418,2024-10-24
418,2024-10-27
418,2024-11-10
418,2024-12-06
418,2024-12-12
418,2024-12-17
418,2024-12-19
419,2024-01-09
419,2024-01-09
419,2024-02-11
419,2024-02-18
419,2024-03-10
419,2024-04-06
419,2024-04-17
419,2024-05-31
419,2024-06-22
419,2024-07-07
419,2024-07-18
419,2024-09-14
419,2024-09-29
419,2024-10-11
419,2024-10-30
419,2024-11-03
419,2024-11-11
419,2024-11-20
419,2024-11-30
419,2024-12-02
419,2024-12-14
420,2024-02-07
420,2024-04-12
420,2024-05-27
420,2024-07-18
421,2024-03-02
421,2024-03-30
421,2024-05-01
421,2024-05-02
421,2024-05-04
421,2024-05-09
421,2024-05-11
421,2024-06-01
421,2024-06-15
421,2024-06-22
421,2024-06-26
421,2024-07-23
421,2024-08-02
421,2024-08-19
421,2024-09-08
421,2024-09-09
421,2024-11-02
421,2024-11-09
421,2024-11-29
421,2024-12-04
421,2024-12-22
422,2024-01-05
422,2024-01-05
422,2024-01-13
422,2024-01-15
422,2024-02-05
422,2024-02-24
422,2024-03-07
422,2024-05-01
422,2024-05-28
422,2024-05-31
422,2024-06-22
422,2024-07-03
422,2024-07-15
422,2024-07-30
422,2024-08-04
422,2024-08-11
422,2024-08-30
422,2024-09-04
422,2024-09-04
422,2024-09-07
422,2024-09-21
422,2024-09-22
422,2024-09-26
422,2024-09-29
422,2024-10-20
422,2024-10-23
422,2024-11-05
422,2024-11-10
422,2024-12-17
423,2024-02-05
423,2024-02-21
423,2024-02-28
423,2024-04-10
423,2024-06-09
423,2024-06-09
423,2024-06-11
423,2024-06-29
423,2024-07-06
423,2024-07-31
423,2024-08-07
423,2024-08-12
423,2024-08-23
423,2024-08-29
423,2024-08-29
423,2024-09-20
423,2024-10-05
423,2024-10-08
423,2024-10-16
423,2024-10-21
423,2024-10-31
423,2024-10-31
423,2024-11-21
423,2024-11-28
423,2024-12-11
423,2024-12-15
423,2024-12-18
423,2024-12-28
423,2024-12-29
423,2024-12-29
424,2024-01-14
424,2024-01-15
424,2024-01-23
424,2024-02-07
424,2024-02-18
424,2024-02-24
424,2024-03-08
424,2024-03-10
424,2024-03-12
424,2024-03-21
424,2024-03-24
424,2024-04-01
424,2024-04-18
424,2024-05-04
424,2024-06-12
424,2024-06-18
424,2024-06-25
424,2024-07-17
424,2024-07-19
424,2024-07-21
424,2024-07-23
424,2024-08-05
424,2024-08-13
424,2024-08-25
424,2024-08-29
424,2024-08-31
424,2024-08-31
424,2024-09-03
424,2024-09-13
424,2024-09-16
424,2024-09-18
424,2024-09-21
424,2024-09-27
424,2024-10-01
424,2024-10-11
424,2024-10-13
424,2024-10-15
424,2024-10-19
424,2024-11-03
424,2024-11-13
424,2024-11-14
424,2024-11-14
424,2024-11-15
424,2024-11-16
424,2024-11-24
424,2024-12-15
425,2024-03-05
425,2024-07-12
425,2024-09-15
425,2024-10-03
425,2024-10-11
425,2024-10-16
425,2024-10-19
425,2024-10-25
425,2024-11-15
425,2024-11-16
425,2024-11-19
425,2024-11-28
425,2024-12-02
426,2024-01-05
426,2024-01-05
426,2024-01-25
426,2024-02-02
426,2024-04-11
426,2024-04-18
426,2024-05-09
426,2024-05-27
426,2024-06-12
426,2024-06-15
426,2024-07-04
426,2024-07-07
426,2024-07-11
426,2024-07-16
426,2024-08-07
426,2024-08-30
426,2024-08-31
426,2024-09-06
426,2024-09-16
426,2024-10-05
426,2024-10-13
426,2024-10-21
426,2024-10-21
426,2024-11-25
426,2024-12-10
426,2024-12-27
427,2024-01-27
427,2024-03-28
427,2024-06-19
427,2024-06-23
427,2024-07-27
427,2024-09-07
427,2024-10-02
427,2024-10-09
427,2024-10-27
427,2024-11-07
427,2024-11-10
427,2024-12-14
428,2024-01-04
428,2024-04-04
428,2024-06-16
428,2024-07-02
428,2024-07-20
428,2024-07-26
428,2024-08-06
428,2024-08-13
428,2024-09-01
428,2024-09-14
428,2024-09-21
428,2024-09-27
428,2024-10-07
428,2024-10-26
428,2024-11-07
428,2024-11-10
428,2024-11-30
428,2024-12-01
429,2024-01-03
429,2024-01-28
429,2024-03-24
429,2024-05-08
429,2024-06-01
429,2024-07-12
429,2024-07-27
429,2024-07-31
429,2024-08-13
429,2024-08-14
429,2024-08-18
429,2024-08-20
429,2024-11-01
429,2024-11-15
429,2024-12-03
429,2024-12-30
430,2024-01-01
430,2024-01-06
430,2024-02-16
430,2024-03-02
430,2024-03-07
430,2024-03-13
430,2024-03-24
430,2024-03-25
430,2024-04-03
430,2024-04-20
430,2024-05-13
430,2024-05-16
430,2024-05-20
430,2024-06-04
430,2024-06-17
430,2024-06-29
430,2024-07-04
430,2024-07-15
430,2024-07-22
430,2024-08-20
430,2024-08-28
430,2024-08-29
430,2024-09-09
430,2024-09-12
430,2024-09-19
430,2024-09-23
430,2024-10-09
430,2024-10-10
430,2024-10-19
430,2024-10-23
430,2024-10-30
430,2024-11-05
430,2024-11-05
430,2024-11-19
430,2024-11-26
430,2024-11-30
430,2024-12-24
430,2024-12-26
430,2024-12-27
430,2024-12-30
431,2024-01-24
431,2024-01-28
431,2024-02-07
431,2024-02-26
431,2024-03-15
431,2024-03-15
431,2024-04-03
431,2024-04-14
431,2024-05-04
431,2024-06-04
431,2024-06-06
431,2024-07-04
431,2024-07-06
431,2024-07-20
431,2024-08-16
431,2024-08-18
431,2024-08-18
431,2024-09-02
431,2024-09-08
431,2024-09-14
431,2024-09-21
431,2024-09-30
431,2024-10-22
431,2024-10-29
431,2024-10-30
431,2024-11-02
431,2024-11-06
431,2024-12-23
432,2024-01-12
432,2024-02-02
432,2024-03-26
432,2024-05-11
432,2024-06-14
432,2024-07-06
432,2024-07-08
432,2024-07-13
432,2024-08-13
432,2024-08-24
432,2024-09-10
432,2024-09-30
432,2024-11-13
432,2024-12-22
433,2024-01-28
433,2024-02-20
433,2024-04-28
433,2024-04-30
433,2024-05-02
433,2024-05-31
433,2024-06-08
433,2024-06-11
433,2024-06-19
433,2024-07-01
433,2024-07-22
433,2024-07-24
433,2024-08-13
433,2024-08-25
433,2024-09-07
433,2024-09-07
433,2024-09-18
433,2024-10-02
433,2024-10-06
433,2024-10-15
433,2024-10-25
433,2024-11-01
433,2024-11-18
433,2024-11-21
433,2024-11-24
433,2024-11-28
433,2024-12-09
433,2024-12-23
433,2024-12-26
434,2024-01-01
434,2024-01-21
434,2024-01-31
434,2024-03-17
434,2024-05-12
434,2024-06-06
434,2024-06-23
434,2024-08-04
434,2024-09-09
434,2024-09-24
434,2024-10-27
434,2024-11-10
434,2024-12-26
434,2024-12-28
434,2024-12-28
434,2024-12-28
435,2024-01-12
435,2024-01-27
435,2024-02-01
435,2024-02-01
435,2024-02-02
435,2024-02-04
435,2024-02-05
435,2024-02-16
435,2024-03-08
435,2024-03-22
435,2024-04-02
435,2024-04-12
435,2024-04-23
435,2024-07-27
435,2024-07-31
435,2024-09-14
435,2024-09-19
435,2024-11-18
435,2024-11-18
435,2024-12-30
436,2024-02-28
436,2024-05-03
436,2024-05-09
436,2024-06-20
436,2024-06-28
436,2024-07-06
436,2024-07-07
436,2024-07-13
436,2024-07-14
436,2024-07-20
436,2024-09-30
436,2024-10-18
436,2024-10-20
436,2024-10-22
436,2024-10-29
436,2024-11-06
436,2024-11-07
436,2024-11-08
436,2024-11-09
436,2024-11-10
436,2024-12-06
436,2024-12-20
436,2024-12-29
437,2024-01-09
437,2024-02-20
437,2024-03-05
437,2024-03-09
437,2024-04-20
437,2024-05-02
437,2024-05-04
437,2024-06-06
437,2024-06-13
437,2024-06-27
437,2024-07-11
437,2024-07-17
437,2024-07-27
437,2024-08-05
437,2024-08-11
437,2024-09-05
437,2024-09-05
437,2024-09-15
437,2024-09-18
437,2024-09-21
437,2024-11-03
437,2024-11-19
437,2024-11-25
437,2024-12-09
438,2024-03-10
438,2024-03-26
438,2024-05-07
438,2024-05-25
438,2024-07-29
438,2024-08-29
438,2024-11-07
438,2024-11-17
438,2024-12-24
438,2024-12-27
439,2024-01-15
439,2024-02-13
439,2024-02-14
439,2024-04-04
439,2024-05-06
439,2024-05-27
439,2024-06-03
439,2024-07-31
439,2024-08-30
439,2024-10-25
439,2024-12-06
440,2024-01-18
440,2024-01-28
440,2024-01-28
440,2024-02-09
440,2024-02-10
440,2024-02-17
440,2024-02-21
440,2024-04-01
440,2024-04-01
440,2024-04-03
440,2024-04-04
440,2024-04-09
440,2024-04-18
440,2024-04-22
440,2024-05-01
440,2024-05-11
440,2024-05-16
440,2024-05-23
440,2024-05-29
440,2024-07-07
440,2024-08-13
440,2024-08-13
440,2024-08-28
440,2024-09-05
440,2024-09-06
440,2024-09-09
440,2024-09-11
440,2024-10-05
440,2024-10-26
440,2024-10-30
440,2024-11-05
440,2024-11-08
440,2024-11-28
440,2024-12-07
440,2024-12-08
440,2024-12-10
440,2024-12-12
440,2024-12-13
440,2024-12-20
440,2024-12-22
441,2024-01-10
441,2024-02-12
441,2024-04-12
441,2024-05-13
441,2024-06-29
441,2024-07-28
441,2024-08-06
441,2024-08-31
441,2024-09-13
441,2024-09-14
441,2024-09-19
441,2024-09-21
441,2024-10-03
441,2024-10-08
441,2024-10-09
441,2024-10-09
441,2024-10-16
441,2024-10-25
441,2024-10-28
441,2024-11-01
441,2024-11-02
441,2024-11-06
441,2024-11-11
441,2024-11-11
441,2024-11-20
441,2024-11-30
441,2024-12-10
441,2024-12-16
441,2024-12-18
441,2024-12-19
441,2024-12-23
442,2024-01-28
442,2024-03-14
442,2024-03-16
442,2024-04-18
442,2024-04-20
442,2024-04-26
442,2024-04-27
442,2024-04-29
442,2024-05-09
442,2024-06-12
442,2024-06-15
442,2024-06-20
442,2024-06-22
442,2024-07-08
442,2024-08-01
442,2024-08-15
442,2024-08-25
442,2024-08-26
442,2024-08-27
442,2024-09-04
442,2024-09-25
442,2024-10-03
442,2024-10-07
442,2024-10-10
442,2024-10-10
442,2024-10-18
442,2024-10-26
442,2024-10-28
442,2024-11-11
442,2024-11-16
442,2024-12-05
442,2024-12-09
442,2024-12-10
442,2024-12-13
442,2024-12-14
442,2024-12-21
442,2024-12-28
443,2024-02-20
443,2024-02-23
443,2024-05-05
443,2024-05-29
443,2024-06-21
443,2024-09-16
443,2024-11-14
444,2024-01-03
444,2024-02-17
444,2024-03-20
444,2024-03-26
444,2024-04-26
444,2024-06-26
444,2024-06-26
444,2024-08-03
444,2024-09-11
444,2024-09-19
444,2024-10-02
444,2024-10-07
444,2024-10-17
444,2024-10-30
444,2024-11-16
444,2024-12-08
444,2024-12-22
444,2024-12-29
445,2024-01-11
445,2024-02-26
445,2024-04-17
445,2024-04-18
445,2024-04-24
445,2024-05-20
445,2024-05-31
445,2024-06-15
445,2024-06-22
445,2024-06-24
445,2024-07-10
445,2024-07-15
445,2024-07-25
445,2024-08-29
445,2024-08-30
445,2024-10-09
445,2024-10-13
445,2024-10-17
445,2024-10-23
445,2024-11-03
445,2024-11-05
445,2024-11-16
445,2024-11-20
445,2024-11-28
445,2024-12-08
445,2024-12-26
446,2024-01-13
446,2024-01-31
446,2024-02-23
446,2024-04-20
446,2024-05-26
446,2024-08-04
446,2024-08-05
446,2024-08-21
446,2024-09-06
446,2024-09-25
446,2024-10-10
446,2024-10-13
446,2024-10-22
446,2024-11-21
446,2024-11-30
446,2024-12-05
446,2024-12-14
447,2024-01-08
447,2024-02-10
447,2024-03-07
447,2024-03-24
447,2024-03-25
447,2024-04-23
447,2024-04-25
447,2024-05-26
447,2024-05-31
447,2024-07-03
447,2024-07-18
447,2024-07-19
447,2024-07-22
447,2024-07-27
447,2024-08-01
447,2024-08-07
447,2024-08-26
447,2024-09-19
447,2024-09-26
447,2024-09-27
447,2024-10-09
447,2024-10-27
447,2024-11-05
447,2024-11-08
447,2024-11-15
447,2024-11-25
447,2024-12-07
447,2024-12-12
447,2024-12-26
448,2024-01-02
448,2024-03-06
448,2024-03-21
448,2024-05-01
448,2024-05-30
448,2024-07-06
448,2024-10-21
448,2024-10-28
448,2024-11-05
448,2024-11-25
448,2024-12-29
448,2024-12-30
449,2024-01-07
449,2024-01-08
449,2024-01-17
449,2024-01-20
449,2024-01-23
449,2024-02-20
449,2024-05-04
449,2024-06-03
449,2024-06-09
449,2024-06-28
449,2024-07-14
449,2024-07-17
449,2024-07-19
449,2024-07-25
449,2024-08-04
449,2024-08-11
449,2024-08-28
449,2024-08-31
449,2024-08-31
449,2024-09-05
449,2024-09-15
449,2024-09-27
449,2024-10-16
449,2024-10-22
449,2024-10-26
449,2024-11-02
449,2024-11-04
449,2024-12-08
449,2024-12-15
450,2024-02-20
450,2024-02-24
450,2024-05-21
450,2024-07-27
450,2024-09-28
450,2024-10-01
450,2024-10-08
450,2024-10-14
450,2024-10-20
450,2024-10-27
450,2024-10-30
450,2024-11-22
450,2024-12-03
450,2024-12-24
450,2024-12-27
450,2024-12-30
451,2024-04-02
451,2024-05-14
451,2024-06-03
451,2024-06-04
451,2024-06-04
451,2024-07-15
451,2024-07-21
451,2024-08-01
451,2024-08-04
451,2024-11-11
451,2024-11-29
451,2024-12-21
452,2024-01-19
452,2024-03-27
452,2024-04-10
452,2024-04-13
452,2024-04-16
452,2024-04-19
452,2024-05-14
452,2024-07-18
452,2024-07-25
452,2024-07-26
452,2024-09-03
452,2024-09-04
452,2024-10-01
452,2024-10-07
452,2024-10-14
452,2024-10-26
452,2024-10-27
452,2024-11-01
452,2024-11-12
452,2024-11-30
452,2024-12-14
453,2024-01-05
453,2024-02-25
453,2024-03-13
453,2024-03-24
453,2024-04-18
453,2024-04-24
453,2024-05-29
453,2024-07-09
453,2024-07-10
453,2024-08-02
453,2024-08-07
453,2024-08-10
453,2024-08-17
453,2024-08-28
453,2024-08-30
453,2024-09-28
453,2024-10-08
453,2024-10-29
453,2024-11-11
453,2024-11-30
453,2024-12-11
453,2024-12-30
454,2024-01-01
454,2024-01-13
454,2024-01-23
454,2024-01-27
454,2024-01-27
454,2024-02-10
454,2024-02-20
454,2024-03-05
454,2024-03-29
454,2024-05-01
454,2024-05-06
454,2024-05-28
454,2024-06-01
454,2024-06-04
454,2024-08-20
454,2024-08-31
454,2024-09-08
454,2024-10-11
454,2024-10-11
454,2024-10-13
455,2024-01-23
455,2024-02-29
455,2024-03-04
455,2024-03-05
455,2024-03-18
455,2024-03-30
455,2024-04-04
455,2024-04-28
455,2024-05-02
455,2024-06-19
455,2024-06-19
455,2024-06-20
455,2024-06-20
455,2024-07-08
455,2024-07-24
455,2024-07-29
455,2024-08-04
455,2024-08-04
455,2024-09-06
455,2024-09-16
455,2024-10-10
455,2024-10-11
455,2024-10-13
455,2024-11-02
455,2024-11-13
455,2024-11-22
455,2024-12-05
455,2024-12-29
455,2024-12-30
456,2024-01-01
456,2024-04-04
456,2024-05-13
456,2024-05-18
456,2024-05-18
456,2024-05-18
456,2024-06-01
456,2024-06-06
456,2024-06-17
456,2024-06-20
456,2024-06-27
456,2024-06-28
456,2024-06-29
456,2024-07-21
456,2024-08-04
456,2024-08-14
456,2024-08-27
456,2024-09-08
456,2024-10-03
456,2024-10-28
456,2024-11-18
456,2024-11-21
456,2024-11-25
456,2024-12-06
456,2024-12-07
456,2024-12-27
456,2024-12-28
456,2024-12-29
457,2024-02-10
457,2024-04-13
457,2024-04-25
457,2024-06-26
457,2024-07-15
457,2024-07-26
457,2024-07-30
457,2024-07-31
457,2024-08-06
457,2024-08-08
457,2024-08-09
457,2024-08-10
457,2024-08-31
457,2024-09-05
457,2024-09-07
457,2024-09-09
457,2024-09-10
457,2024-09-10
457,2024-09-19
457,2024-09-23
457,2024-09-24
457,2024-10-01
457,2024-10-14
457,2024-10-19
457,2024-11-10
457,2024-11-15
457,2024-12-01
457,2024-12-18
458,2024-01-28
458,2024-02-20
458,2024-02-29
458,2024-03-23
458,2024-04-01
458,2024-05-02
458,2024-05-06
458,2024-05-16
458,2024-05-16
458,2024-05-30
458,2024-06-06
458,2024-06-09
458,2024-06-30
458,2024-07-09
458,2024-07-21
458,2024-07-30
458,2024-08-01
458,2024-10-02
458,2024-10-03
458,2024-10-04
458,2024-10-26
458,2024-10-28
458,2024-10-31
458,2024-11-01
458,2024-11-03
458,2024-11-19
458,2024-12-07
458,2024-12-17
458,2024-12-17
458,2024-12-24
458,2024-12-29
459,2024-05-29
459,2024-07-06
459,2024-07-08
459,2024-07-28
459,2024-09-22
459,2024-09-27
459,2024-10-10
459,2024-10-20
459,2024-10-30
459,2024-11-02
459,2024-11-14
459,2024-11-29
459,2024-12-05
460,2024-03-07
460,2024-05-05
460,2024-05-07
460,2024-05-13
460,2024-06-07
460,2024-06-29
460,2024-08-10
460,2024-10-02
461,2024-04-18
461,2024-05-09
461,2024-05-16
461,2024-05-25
461,2024-06-05
461,2024-06-08
461,2024-06-29
461,2024-06-30
461,2024-07-03
461,2024-07-16
461,2024-09-17
461,2024-09-30
461,2024-10-02
461,2024-11-05
461,2024-11-12
461,2024-12-21
462,2024-01-10
462,2024-01-10
462,2024-02-04
462,2024-04-24
462,2024-04-24
462,2024-09-11
462,2024-10-24
462,2024-11-08
462,2024-12-10
462,2024-12-12
462,2024-12-12
462,2024-12-13
462,2024-12-25
463,2024-02-14
463,2024-03-14
463,2024-04-14
463,2024-05-07
463,2024-06-10
463,2024-06-26
463,2024-07-17
463,2024-08-09
463,2024-08-20
463,2024-08-23
463,2024-08-29
463,2024-09-21
463,2024-09-22
463,2024-09-26
463,2024-10-06
463,2024-10-07
463,2024-10-25
463,2024-10-25
463,2024-10-29
463,2024-11-04
463,2024-11-24
463,2024-12-06
463,2024-12-08
463,2024-12-14
463,2024-12-22
463,2024-12-27
464,2024-01-23
464,2024-02-15
464,2024-02-19
464,2024-04-03
464,2024-04-11
464,2024-06-12
464,2024-06-27
464,2024-07-04
464,2024-07-24
464,2024-10-20
465,2024-02-11
465,2024-02-16
465,2024-02-24
465,2024-03-03
465,2024-04-02
465,2024-04-12
465,2024-05-31
465,2024-05-31
465,2024-06-04
465,2024-06-13
465,2024-07-17
465,2024-08-29
465,2024-09-01
465,2024-09-17
465,2024-09-25
465,2024-12-06
465,2024-12-22
466,2024-01-27
466,2024-02-13
466,2024-04-05
466,2024-04-21
466,2024-08-21
466,2024-10-30
466,2024-11-08
466,2024-11-19
466,2024-11-20
466,2024-11-20
466,2024-11-26
466,2024-12-04
466,2024-12-05
466,2024-12-30
467,2024-01-25
467,2024-01-31
467,2024-02-11
467,2024-02-20
467,2024-02-23
467,2024-02-27
467,2024-03-02
467,2024-03-12
467,2024-03-13
467,2024-03-27
467,2024-03-29
467,2024-04-10
467,2024-05-09
467,2024-05-11
467,2024-05-24
467,2024-05-27
467,2024-06-02
467,2024-06-05
467,2024-06-18
467,2024-06-25
467,2024-06-26
467,2024-07-15
467,2024-07-21
467,2024-09-08
467,2024-09-18
467,2024-09-20
467,2024-09-21
467,2024-09-27
467,2024-10-06
467,2024-10-07
467,2024-10-09
467,2024-10-16
467,2024-10-25
467,2024-11-09
467,2024-12-05
467,2024-12-13
467,2024-12-17
467,2024-12-25
468,2024-01-23
468,2024-02-25
468,2024-03-14
468,2024-03-20
468,2024-03-24
468,2024-04-05
468,2024-04-13
468,2024-04-28
468,2024-05-02
468,2024-05-16
468,2024-05-17
468,2024-05-29
468,2024-06-21
468,2024-06-25
468,2024-06-25
468,2024-07-04
468,2024-07-25
468,2024-08-03
468,2024-08-17
468,2024-09-05
468,2024-09-07
468,2024-09-11
468,2024-09-17
468,2024-09-27
468,2024-09-29
468,2024-10-05
468,2024-10-06
468,2024-10-06
468,2024-10-31
468,2024-11-01
468,2024-11-02
468,2024-11-15
468,2024-11-25
468,2024-12-20
469,2024-01-04
469,2024-02-26
469,2024-03-09
469,2024-04-28
469,2024-07-23
469,2024-07-27
469,2024-08-05
469,2024-08-08
469,2024-08-09
469,2024-08-14
469,2024-08-18
469,2024-08-28
469,2024-10-06
469,2024-11-02
469,2024-12-16
469,2024-12-23
470,2024-01-07
470,2024-02-12
470,2024-03-08
470,2024-03-16
470,2024-03-17
470,2024-03-21
470,2024-03-21
470,2024-04-12
470,2024-04-15
470,2024-04-29
470,2024-05-05
470,2024-05-21
470,2024-05-26
470,2024-05-31
470,2024-06-02
470,2024-06-07
470,2024-06-08
470,2024-06-12
470,2024-06-14
470,2024-06-17
470,2024-06-18
470,2024-07-05
470,2024-07-14
470,2024-07-25
470,2024-08-17
470,2024-09-01
470,2024-09-09
470,2024-09-23
470,2024-10-08
470,2024-10-13
470,2024-10-16
470,2024-10-17
470,2024-10-19
470,2024-10-21
470,2024-11-06
470,2024-12-17
471,2024-02-04
471,2024-02-18
471,2024-02-20
471,2024-02-21
471,2024-03-18
471,2024-03-20
471,2024-03-31
471,2024-04-17
471,2024-04-18
471,2024-04-21
471,2024-04-28
471,2024-06-15
471,2024-07-05
471,2024-07-11
471,2024-07-11
471,2024-07-30
471,2024-08-04
471,2024-08-27
471,2024-09-20
471,2024-09-25
471,2024-09-29
471,2024-10-02
471,2024-10-05
471,2024-10-06
471,2024-10-11
471,2024-11-16
471,2024-11-26
471,2024-12-08
471,2024-12-11
471,2024-12-14
471,2024-12-23
472,2024-02-27
472,2024-02-29
472,2024-03-01
472,2024-04-13
472,2024-04-25
472,2024-05-08
472,2024-05-28
472,2024-06-17
472,2024-07-17
472,2024-07-21
472,2024-07-24
472,2024-08-22
472,2024-08-23
472,2024-09-20
472,2024-09-25
472,2024-10-24
472,2024-10-29
472,2024-11-15
473,2024-01-02
473,2024-01-02
473,2024-01-09
473,2024-01-23
473,2024-03-30
473,2024-04-08
473,2024-05-11
473,2024-06-01
473,2024-06-08
473,2024-07-03
473,2024-07-11
473,2024-07-31
473,2024-08-23
473,2024-09-05
473,2024-10-25
473,2024-11-01
473,2024-11-13
473,2024-11-24
473,2024-12-28
474,2024-01-04
474,2024-01-13
474,2024-01-16
474,2024-02-02
474,2024-03-02
474,2024-03-23
474,2024-03-23
474,2024-04-19
474,2024-04-21
474,2024-04-28
474,2024-05-08
474,2024-05-15
474,2024-05-17
474,2024-05-22
474,2024-06-02
474,2024-06-11
474,2024-06-13
474,2024-06-23
474,2024-06-29
474,2024-07-02
474,2024-07-16
474,2024-07-18
474,2024-07-28
474,2024-08-01
474,2024-08-09
474,2024-08-10
474,2024-08-19
474,2024-09-02
474,2024-09-09
474,2024-09-30
474,2024-10-03
474,2024-10-17
474,2024-10-31
474,2024-11-02
474,2024-11-13
474,2024-11-20
474,2024-11-29
474,2024-12-19
474,2024-12-22
474,2024-12-26
475,2024-01-23
475,2024-01-31
475,2024-05-16
475,2024-06-20
475,2024-08-29
475,2024-10-05
475,2024-10-06
475,2024-10-30
475,2024-11-09
475,2024-11-25
475,2024-12-08
475,2024-12-22
475,2024-12-26
476,2024-01-07
476,2024-03-04
476,2024-04-16
476,2024-05-11
476,2024-08-07
476,2024-09-16
476,2024-09-29
476,2024-10-24
476,2024-11-09
476,2024-12-26
477,2024-01-04
477,2024-02-25
477,2024-03-09
477,2024-03-20
477,2024-03-24
477,2024-05-05
477,2024-05-09
477,2024-05-22
477,2024-06-06
477,2024-06-15
477,2024-06-17
477,2024-06-20
477,2024-06-22
477,2024-06-24
477,2024-07-09
477,2024-08-13
477,2024-09-15
477,2024-11-01
477,2024-11-07
477,2024-12-02
477,2024-12-04
478,2024-01-30
478,2024-02-13
478,2024-03-17
478,2024-03-19
478,2024-04-09
478,2024-05-15
478,2024-10-18
478,2024-11-08
478,2024-11-22
478,2024-11-29
478,2024-12-21
479,2024-02-21
479,2024-02-26
479,2024-03-17
479,2024-03-19
479,2024-03-20
479,2024-03-22
479,2024-04-18
479,2024-04-20
479,2024-05-02
479,2024-05-08
479,2024-05-10
479,2024-06-20
479,2024-07-26
479,2024-08-22
479,2024-10-05
479,2024-10-18
479,2024-10-27
479,2024-11-23
479,2024-11-29
479,2024-12-16
480,2024-01-06
480,2024-02-06
480,2024-03-23
480,2024-04-12
480,2024-04-28
480,2024-05-17
480,2024-06-16
480,2024-06-19
480,2024-06-30
480,2024-06-30
480,2024-07-06
480,2024-07-10
480,2024-07-25
480,2024-08-13
480,2024-09-19
480,2024-09-25
480,2024-10-17
480,2024-10-22
480,2024-11-28
480,2024-11-29
480,2024-12-21
481,2024-01-16
481,2024-06-24
481,2024-08-06
481,2024-08-24
481,2024-10-07
481,2024-10-13
481,2024-10-16
481,2024-12-11
481,2024-12-20
482,2024-04-10
482,2024-04-24
482,2024-04-27
482,2024-05-05
482,2024-06-18
482,2024-07-02
482,2024-08-31
482,2024-09-20
482,2024-10-11
482,2024-10-12
482,2024-10-22
482,2024-11-04
482,2024-11-09
482,2024-11-28
482,2024-12-03
482,2024-12-27
483,2024-01-29
483,2024-02-09
483,2024-03-05
483,2024-07-16
483,2024-08-02
483,2024-08-11
483,2024-09-30
483,2024-10-24
483,2024-11-01
483,2024-12-01
483,2024-12-14
483,2024-12-19
484,2024-02-14
484,2024-02-21
484,2024-04-13
484,2024-04-29
484,2024-08-04
484,2024-08-11
484,2024-10-21
484,2024-11-18
484,2024-11-25
484,2024-12-15
484,2024-12-18
485,2024-01-09
485,2024-01-10
485,2024-02-13
485,2024-02-24
485,2024-02-29
485,2024-03-02
485,2024-04-07
485,2024-04-16
485,2024-04-21
485,2024-05-07
485,2024-05-13
485,2024-05-15
485,2024-05-21
485,2024-07-09
485,2024-07-22
485,2024-08-24
485,2024-09-02
485,2024-10-03
485,2024-10-09
485,2024-10-21
485,2024-11-01
485,2024-11-02
485,2024-11-09
485,2024-11-10
485,2024-12-16
485,2024-12-29
486,2024-03-10
486,2024-03-21
486,2024-04-05
486,2024-04-07
486,2024-05-04
486,2024-05-12
486,2024-05-21
486,2024-05-22
486,2024-06-03
486,2024-06-05
486,2024-06-30
486,2024-07-10
486,2024-09-16
486,2024-09-17
486,2024-09-19
486,2024-09-28
486,2024-11-01
486,2024-11-01
486,2024-11-07
486,2024-12-10
486,2024-12-10
487,2024-01-06
487,2024-02-10
487,2024-02-25
487,2024-03-10
487,2024-08-16
487,2024-08-24
487,2024-09-02
487,2024-11-11
487,2024-12-25
488,2024-01-13
488,2024-01-19
488,2024-02-12
488,2024-02-17
488,2024-04-05
488,2024-04-14
488,2024-05-13
488,2024-06-03
488,2024-06-04
488,2024-07-12
488,2024-08-08
488,2024-09-09
488,2024-09-11
488,2024-09-12
488,2024-09-23
488,2024-09-24
488,2024-11-26
489,2024-02-10
489,2024-02-14
489,2024-05-02
489,2024-05-16
489,2024-05-26
489,2024-06-15
489,2024-07-26
489,2024-09-06
489,2024-09-12
489,2024-10-20
489,2024-12-02
489,2024-12-18
489,2024-12-27
490,2024-01-24
490,2024-04-02
490,2024-08-02
490,2024-08-02
490,2024-08-11
490,2024-08-14
490,2024-08-31
490,2024-09-12
490,2024-10-18
490,2024-11-05
490,2024-12-05
491,2024-03-02
491,2024-03-26
491,2024-04-13
491,2024-05-09
491,2024-08-11
491,2024-08-21
491,2024-08-30
491,2024-09-13
491,2024-11-10
491,2024-11-11
491,2024-11-29
491,2024-11-30
491,2024-11-30
491,2024-12-11
491,2024-12-17
491,2024-12-20
492,2024-02-26
492,2024-03-31
492,2024-03-31
492,2024-04-10
492,2024-04-17
492,2024-05-18
492,2024-05-31
492,2024-06-26
492,2024-07-06
492,2024-10-29
492,2024-11-06
492,2024-12-12
493,2024-01-10
493,2024-01-24
493,2024-06-05
493,2024-06-30
493,2024-08-08
493,2024-08-11
493,2024-08-28
493,2024-09-05
493,2024-10-03
493,2024-12-20
494,2024-01-14
494,2024-01-25
494,2024-02-11
494,2024-03-23
494,2024-03-28
494,2024-05-01
494,2024-08-14
494,2024-08-17
494,2024-09-29
494,2024-10-14
494,2024-11-22
494,2024-12-02
495,2024-03-05
495,2024-03-21
495,2024-05-22
495,2024-09-17
495,2024-11-18
495,2024-12-16
496,2024-03-18
496,2024-03-23
496,2024-06-11
496,2024-06-19
496,2024-06-23
496,2024-07-06
496,2024-07-11
496,2024-07-20
496,2024-07-30
496,2024-08-24
496,2024-08-28
496,2024-09-03
496,2024-09-25
496,2024-10-08
496,2024-10-15
496,2024-10-23
496,2024-11-12
496,2024-11-19
496,2024-11-19
496,2024-11-22
496,2024-11-24
497,2024-01-03
497,2024-01-09
497,2024-01-17
497,2024-01-28
497,2024-04-06
497,2024-04-22
497,2024-05-07
497,2024-06-01
497,2024-06-16
497,2024-07-20
497,2024-09-08
497,2024-10-12
497,2024-11-20
497,2024-12-13
497,2024-12-18
498,2024-01-08
498,2024-01-13
498,2024-02-02
498,2024-03-22
498,2024-03-31
498,2024-05-29
498,2024-07-18
498,2024-08-18
498,2024-09-25
498,2024-10-26
498,2024-11-06
498,2024-11-09
498,2024-11-27
498,2024-12-10
498,2024-12-26
499,2024-01-25
499,2024-02-08
499,2024-06-28
499,2024-07-24
499,2024-08-01
499,2024-08-15
499,2024-08-20
499,2024-09-05
499,2024-09-14
499,2024-09-24
499,2024-10-05
499,2024-10-17
499,2024-10-25
499,2024-10-31
499,2024-11-04
499,2024-11-09
499,2024-11-15
